Location1,Location2,Location3,Location4,Location5,Location6,Location7,Location8,Location9,Location10,Location11,Location12,Location13,Location14,Location15,Location16,Location17,Location18,Location19,Location20,Location21,Location22,Location23,Location24,Location25,Location26,Location27,Location28,Location29,Location30,Location31,Location32,Location33,Location34,Location35,Location36,Location37,Location38,Location39,Location40,Location41,Location42,Location43,Location44,Location45,Location46,Location47,Location48,Location49,Location50,Location51,Location52,Location53,Location54,Location55,Location56,Location57,Location58,Location59,Location60,Location61,Location62,Location63,Location64,Location65,Location66,Location67,Location68,Location69,Location70,Location71,Location72,Location73,Location74,Location75,Location76,Location77,Location78,Location79,Location80,Location81,Location82,Location83,Location84,Location85,Location86,Location87,Location88,Location89,Location90,Location91
[ 3.40542376e-01  5.64319611e-01 -3.40818787e-08],[0.34688139 0.49994519 0.01159075],[0.36540222 0.44547689 0.01031488],[0.38822347 0.42657432 0.00367536],[ 0.40983123  0.42198494 -0.00296349],[0.363655   0.4043276  0.00493518],[ 0.38203102  0.33921534 -0.00287763],[ 0.38547567  0.2962347  -0.00788362],[ 0.38413247  0.26069397 -0.01233522],[ 0.37413582  0.41029173 -0.00914257],[ 0.42960519  0.40223655 -0.02061395],[ 0.42964938  0.4321149  -0.02203866],[ 0.41614622  0.44271567 -0.02137782],[ 0.38826165  0.42910618 -0.02238511],[ 0.43942365  0.43309149 -0.02788016],[ 0.43322507  0.45844245 -0.01965825],[ 0.41859317  0.46348178 -0.01452622],[ 0.40301389  0.45246509 -0.03589391],[ 0.44341868  0.45773742 -0.03299728],[ 0.43483043  0.48053929 -0.02200175],[ 0.41995552  0.48734802 -0.01474333],[0. 0. 0.],[0. 0. 0.],[0. 0. 0.],[0. 0. 0.],[0. 0. 0.],[0. 0. 0.],[0. 0. 0.],[0. 0. 0.],[0. 0. 0.],[0. 0. 0.],[0. 0. 0.],[0. 0. 0.],[0. 0. 0.],[0. 0. 0.],[0. 0. 0.],[0. 0. 0.],[0. 0. 0.],[0. 0. 0.],[0. 0. 0.],[0. 0. 0.],[0. 0. 0.],[0.3743664 0.230985  0.0404738],[0.36761391 0.23732263 0.0713706 ],[0.38697839 0.23768058 0.01957897],[0.38864732 0.27136084 0.03220097],[0.39960712 0.24763776 0.00682054],[0.37893742 0.25474647 0.04238254],[0.40073436 0.28663152 0.01708781],[0.3747071  0.26552996 0.06515581],[0.56253856 0.21916972 0.02997128],[0.57238293 0.22437206 0.05990457],[0.5486384  0.22782436 0.01083957],[0.55130631 0.26231998 0.02339502],[ 5.35326958e-01  2.39707023e-01 -2.26362768e-04],[0.56043786 0.24400045 0.03247718],[0.53923303 0.27947128 0.00966695],[0.56775224 0.2541593  0.05448784],[ 0.47426829  0.19795516 -0.89530247],[ 0.50789541  0.12825042 -0.82121933],[ 0.52537572  0.12932035 -0.82085502],[ 0.5473901   0.13094911 -0.82082951],[ 0.44568601  0.13152884 -0.82807714],[ 0.42312703  0.13467689 -0.82768977],[ 0.40331739  0.13912049 -0.82789743],[ 0.57833278  0.16297147 -0.35000622],[ 0.37284464  0.16829419 -0.36585462],[ 0.51427996  0.28649214 -0.725968  ],[ 0.44107476  0.29261807 -0.72947049],[ 0.70786059  0.53479308 -0.01555486],[ 0.25167963  0.55281913 -0.3627128 ],[0.88433504 0.92531717 0.1226285 ],[ 0.15035737  1.0053091  -1.08491325],[ 1.11135912  1.31186879 -0.08906105],[ 0.37311888  0.56087863 -1.96143365],[ 1.19690061  1.41229784 -0.1379966 ],[ 0.41639763  0.43961674 -2.16034937],[ 1.17135406  1.41808569 -0.22450987],[ 0.41183558  0.40602458 -2.09167838],[ 1.12091041  1.39354944 -0.1474966 ],[ 0.40739617  0.44394648 -1.96222043],[0.68780935 1.4312886  0.00195787],[0.3436498  1.45339632 0.00280962],[ 0.68990946  2.22466183 -0.11750837],[ 0.37755957  2.24109054 -0.08860934],[0.68809021 2.96229792 0.47145981],[0.39984217 2.96479559 0.26378319],[0.69497502 3.06132221 0.48528546],[0.38577887 3.06030583 0.284271  ],[ 0.66842479  3.17200232 -0.19823706],[ 0.46292049  3.18459082 -0.49730992]
[ 3.47542197e-01  5.56902766e-01 -4.69159964e-08],[0.35460609 0.49046832 0.01263175],[0.37121636 0.43342021 0.00986699],[0.39469895 0.40945372 0.00100397],[ 0.41784379  0.39845815 -0.00761704],[0.36369109 0.38903627 0.00499119],[ 0.37996688  0.32158971 -0.00510457],[ 0.37921157  0.27713478 -0.01137392],[ 0.37419787  0.23972368 -0.01655643],[ 0.37199003  0.39314139 -0.01091706],[ 0.43107405  0.37863034 -0.02549814],[ 0.43233776  0.41191599 -0.026826  ],[ 0.41824248  0.42700452 -0.02546342],[ 0.38479522  0.40904808 -0.02610495],[ 0.44079456  0.40534407 -0.03353902],[ 0.43547356  0.43687397 -0.0227565 ],[ 0.42080015  0.44848642 -0.01540862],[ 0.39937046  0.43074977 -0.04170471],[ 0.44203311  0.43159106 -0.03971367],[ 0.43542963  0.45873949 -0.02729015],[ 0.42214972  0.46978387 -0.0187997 ],[0. 0. 0.],[0. 0. 0.],[0. 0. 0.],[0. 0. 0.],[0. 0. 0.],[0. 0. 0.],[0. 0. 0.],[0. 0. 0.],[0. 0. 0.],[0. 0. 0.],[0. 0. 0.],[0. 0. 0.],[0. 0. 0.],[0. 0. 0.],[0. 0. 0.],[0. 0. 0.],[0. 0. 0.],[0. 0. 0.],[0. 0. 0.],[0. 0. 0.],[0. 0. 0.],[0.37360966 0.23188129 0.04229043],[0.36713666 0.23762299 0.07385293],[0.38633099 0.2389586  0.02125132],[0.38871843 0.27239174 0.03517092],[0.39928192 0.24916047 0.00841698],[0.37866014 0.25555956 0.04499492],[0.40131074 0.2879523  0.02019412],[0.37476474 0.26584911 0.06857103],[0.56578976 0.21798071 0.03126488],[0.57535911 0.22240517 0.06176958],[0.55199862 0.22739957 0.0122688 ],[0.55477941 0.26178923 0.02601954],[0.53866249 0.23987316 0.00118257],[0.56384385 0.24295373 0.03467198],[0.54261833 0.27958298 0.01250376],[0.57098687 0.25247008 0.05732047],[ 0.47190243  0.19912036 -0.9464469 ],[ 0.5074932   0.12721081 -0.87016886],[ 0.52575552  0.12794973 -0.8698433 ],[ 0.54795778  0.12862357 -0.86979723],[ 0.44380346  0.13172574 -0.87635726],[ 0.42203856  0.13475472 -0.87596405],[ 0.40302014  0.13909595 -0.8761757 ],[ 0.58124548  0.15898824 -0.3853544 ],[ 0.37363341  0.16762492 -0.39628443],[ 0.51426804  0.28653011 -0.77204126],[ 0.43986931  0.29359123 -0.77430034],[ 0.71495938  0.53738981 -0.02734968],[ 0.25021532  0.54910827 -0.37196267],[0.88588077 0.93435079 0.112909  ],[ 0.1520769   0.99865431 -1.11115575],[ 1.1177094   1.31529295 -0.116041  ],[ 0.36954886  0.55222589 -2.02129507],[ 1.20370328  1.41192245 -0.16307643],[ 0.40957779  0.43280044 -2.22350287],[ 1.17837596  1.41505599 -0.24830046],[ 0.40492916  0.39501491 -2.15279365],[ 1.12699652  1.39150465 -0.17425129],[ 0.40156183  0.43725047 -2.01885557],[ 0.67998028  1.43275058 -0.00311306],[0.33513618 1.45143402 0.00796081],[ 0.67942452  2.22151828 -0.13312325],[ 0.36590683  2.23744488 -0.07815315],[0.67879546 2.95564055 0.45931703],[0.38430128 2.96090961 0.2625623 ],[0.68637908 3.05508089 0.47432241],[0.37209204 3.05678821 0.27872956],[ 0.65333366  3.16474438 -0.20820579],[ 0.44085199  3.18039632 -0.5164699 ]
[ 3.54370952e-01  5.70426941e-01 -5.02534157e-08],[0.35993889 0.50205088 0.00879644],[0.37867957 0.44157812 0.00680529],[0.4038766  0.41732365 0.0004772 ],[ 0.42702189  0.40857571 -0.00549075],[0.37679866 0.39632595 0.00096701],[ 0.39532956  0.33383837 -0.00749187],[ 0.3990415   0.29264632 -0.01318901],[ 0.39845306  0.25801122 -0.01831004],[ 0.38822752  0.40615937 -0.01177395],[ 0.4460361   0.40222976 -0.02389142],[ 0.4450326   0.43105337 -0.02581958],[ 0.43034321  0.441724   -0.02575594],[ 0.40274146  0.43001062 -0.02376107],[ 0.45462835  0.43554458 -0.03028791],[ 0.4482491   0.45905912 -0.0227654 ],[ 0.43347874  0.46387669 -0.01798234],[ 0.41678175  0.45835152 -0.03611985],[ 0.45737466  0.46510559 -0.03423436],[ 0.44939509  0.48541212 -0.02408531],[ 0.43478525  0.49132395 -0.01726631],[0. 0. 0.],[0. 0. 0.],[0. 0. 0.],[0. 0. 0.],[0. 0. 0.],[0. 0. 0.],[0. 0. 0.],[0. 0. 0.],[0. 0. 0.],[0. 0. 0.],[0. 0. 0.],[0. 0. 0.],[0. 0. 0.],[0. 0. 0.],[0. 0. 0.],[0. 0. 0.],[0. 0. 0.],[0. 0. 0.],[0. 0. 0.],[0. 0. 0.],[0. 0. 0.],[0.37135822 0.21924536 0.03182583],[0.36172846 0.2271831  0.06216345],[0.38587028 0.22555664 0.01181849],[0.38529664 0.26168886 0.02322836],[ 3.99802446e-01  2.35566258e-01 -1.87528654e-04],[0.37490439 0.24442953 0.03321567],[0.39859006 0.27745384 0.00866491],[0.36836684 0.25687814 0.05514562],[0.5648914  0.21108937 0.03793472],[0.57258779 0.21818396 0.06896028],[0.55238873 0.21866831 0.0168952 ],[0.55403352 0.25467148 0.02848794],[0.53992921 0.22985603 0.0039555 ],[0.56252378 0.23660828 0.03910892],[0.54286581 0.27142689 0.01290946],[0.56807506 0.24839546 0.0617004 ],[ 0.47322541  0.19644806 -0.92667055],[ 0.50749624  0.12508121 -0.84781635],[ 0.52556181  0.12582892 -0.84753102],[ 0.54680669  0.12667406 -0.84754199],[ 0.44347262  0.1290897  -0.86453307],[ 0.42052978  0.13170278 -0.86427128],[ 0.40087327  0.13512179 -0.86449242],[ 0.57894081  0.15768813 -0.35109532],[ 0.37224722  0.16440885 -0.40188408],[ 0.51351851  0.28228998 -0.74604821],[ 0.43923196  0.28933629 -0.76182729],[ 0.71186256  0.53587115 -0.005811  ],[ 0.2421495   0.5540424  -0.38474476],[0.8838833  0.92573959 0.12627983],[ 0.15521839  0.99788231 -1.12370312],[ 1.12642312  1.29763877 -0.13343763],[ 0.38124782  0.55162728 -1.96885645],[ 1.21738577  1.39530718 -0.18342698],[ 0.42472515  0.42891964 -2.16143847],[ 1.19425094  1.39995325 -0.27204305],[ 0.41512021  0.38851994 -2.09007025],[ 1.14093018  1.37680852 -0.19460806],[ 0.4099052   0.4311322  -1.96492887],[ 0.69099909  1.43916452 -0.00433885],[0.34680095 1.46408486 0.00919185],[ 0.70059937  2.2283206  -0.15629047],[ 0.3834776   2.25700998 -0.10393578],[0.71626174 2.96431994 0.42427164],[0.42306319 2.97847366 0.17476898],[0.72606152 3.06580973 0.4385609 ],[0.41339317 3.07351685 0.18474582],[ 0.69950378  3.17193747 -0.24148595],[ 0.49139762  3.20106149 -0.61305666]
[ 3.51558387e-01  5.32204449e-01 -8.72330901e-08],[0.35640788 0.46067837 0.01489201],[0.38051349 0.40099564 0.01464119],[0.40903795 0.37930068 0.00854636],[0.43461022 0.3761147  0.00204271],[0.384581   0.3541097  0.00602475],[ 0.40442336  0.28491312 -0.00044883],[ 0.40926653  0.23857172 -0.00482779],[ 0.4092589   0.19995534 -0.00902066],[ 0.39972538  0.36149833 -0.0096643 ],[ 0.45628774  0.35602695 -0.01881088],[ 0.45352983  0.38714594 -0.01928657],[ 0.43809652  0.39747962 -0.01819596],[ 0.41667822  0.38380462 -0.02381537],[ 0.46429306  0.38900569 -0.02633319],[ 0.45585415  0.41692486 -0.01635031],[ 0.44095144  0.42392051 -0.01066379],[ 0.43213776  0.41158766 -0.03804386],[ 0.46774191  0.41599411 -0.03191963],[ 0.45731014  0.4411718  -0.01826922],[ 0.44358274  0.45083991 -0.00939733],[0. 0. 0.],[0. 0. 0.],[0. 0. 0.],[0. 0. 0.],[0. 0. 0.],[0. 0. 0.],[0. 0. 0.],[0. 0. 0.],[0. 0. 0.],[0. 0. 0.],[0. 0. 0.],[0. 0. 0.],[0. 0. 0.],[0. 0. 0.],[0. 0. 0.],[0. 0. 0.],[0. 0. 0.],[0. 0. 0.],[0. 0. 0.],[0. 0. 0.],[0. 0. 0.],[0.38439912 0.18234006 0.02537711],[0.37483993 0.1968997  0.05236657],[0.39880544 0.18421337 0.0061572 ],[0.39790824 0.2241023  0.01063473],[ 0.41274038  0.19115633 -0.00688793],[0.38757968 0.20885146 0.02248374],[ 0.41125405  0.23702401 -0.00519535],[0.38100186 0.22657382 0.04057512],[0.57877934 0.17808403 0.03247625],[0.58642972 0.19257715 0.0604116 ],[0.56648928 0.18034407 0.01163098],[0.5686087  0.22036517 0.01645522],[ 0.55408216  0.1877121  -0.00253104],[0.57693845 0.20483361 0.02923352],[ 0.55742645  0.23341122 -0.00066622],[0.58255345 0.22256204 0.0483387 ],[ 0.4926838   0.15804116 -0.90133399],[ 0.52319211  0.09689888 -0.82011253],[ 0.54217821  0.09654937 -0.81984341],[ 0.56290412  0.09740098 -0.81985885],[ 0.46337494  0.09991455 -0.83496541],[ 0.43983975  0.10091066 -0.83464539],[ 0.41755652  0.10208323 -0.83485031],[ 0.59228408  0.12578242 -0.33240288],[ 0.38367397  0.1294152  -0.38841942],[ 0.52765441  0.23966675 -0.72645032],[ 0.45763811  0.23957276 -0.74116385],[0.70824224 0.52372873 0.00558189],[ 0.26344398  0.52748686 -0.39126247],[0.88143551 0.924371   0.13530824],[ 0.16848445  0.97461301 -1.10606408],[ 1.12445629  1.26789021 -0.13380268],[ 0.39667657  0.50983751 -1.9744072 ],[ 1.21645582  1.35882986 -0.18145975],[ 0.43614906  0.37091503 -2.1656785 ],[ 1.19578481  1.36145222 -0.27348143],[ 0.42536634  0.32413617 -2.09447193],[ 1.14305365  1.33985925 -0.19627669],[ 0.4231773   0.38466206 -1.96976244],[0.68799376 1.39441812 0.0220126 ],[ 0.35011736  1.416044   -0.017356  ],[ 0.69022638  2.18013811 -0.08626909],[ 0.37941006  2.2054956  -0.15031701],[0.6984393  2.90619135 0.50074041],[0.40941009 2.91805506 0.11298913],[0.70760751 3.00560069 0.51703149],[0.39828712 3.01140547 0.12110677],[ 0.68037468  3.10864711 -0.14137058],[ 0.47791624  3.13496041 -0.66673625]
[ 3.38526934e-01  5.45940161e-01 -5.27941104e-08],[0.34610644 0.48328006 0.00999515],[0.36734909 0.43012059 0.0085008 ],[0.39203224 0.41188151 0.00214456],[ 0.41378018  0.40983689 -0.00413161],[0.36648062 0.39161855 0.00369476],[ 0.38341498  0.33157623 -0.00377883],[ 0.38843945  0.29075158 -0.00903961],[ 0.39024919  0.25625873 -0.01387631],[ 0.37800145  0.39838052 -0.0091166 ],[ 0.42707857  0.39806655 -0.0207764 ],[ 0.42637306  0.42591077 -0.02382759],[ 0.41448894  0.43558189 -0.02434412],[ 0.3919889   0.41712722 -0.02095514],[ 0.43719128  0.42516235 -0.02713956],[ 0.4308047   0.44947702 -0.02046986],[ 0.41761318  0.45468378 -0.01603407],[ 0.40619543  0.43962708 -0.03306291],[ 0.4423576   0.44743359 -0.03109157],[ 0.43427804  0.46959254 -0.02129713],[ 0.42126864  0.4765023  -0.0145216 ],[0. 0. 0.],[0. 0. 0.],[0. 0. 0.],[0. 0. 0.],[0. 0. 0.],[0. 0. 0.],[0. 0. 0.],[0. 0. 0.],[0. 0. 0.],[0. 0. 0.],[0. 0. 0.],[0. 0. 0.],[0. 0. 0.],[0. 0. 0.],[0. 0. 0.],[0. 0. 0.],[0. 0. 0.],[0. 0. 0.],[0. 0. 0.],[0. 0. 0.],[0. 0. 0.],[0.36861151 0.23071121 0.03564185],[0.36178315 0.23807962 0.063548  ],[0.38045239 0.23617837 0.01645581],[0.38108653 0.26873532 0.02663041],[0.39232391 0.24499258 0.00462179],[0.3722091  0.2534028  0.03646023],[0.39248267 0.282637   0.01249297],[0.36772612 0.26471883 0.05667915],[0.54557276 0.22398333 0.02696883],[0.55488616 0.23065986 0.05415348],[0.53254509 0.23064731 0.00915226],[0.53478134 0.26389769 0.019323  ],[ 0.51985574  0.24063215 -0.00134007],[0.54353106 0.24744323 0.02824621],[0.5230968  0.27896416 0.0062162 ],[0.55037326 0.25843078 0.04788971],[ 0.45603928  0.19764249 -0.84228861],[ 0.49061447  0.12884966 -0.76817566],[ 0.51193494  0.12645794 -0.7679047 ],[ 0.52673507  0.12547404 -0.76793975],[ 0.42819738  0.13633993 -0.7759046 ],[ 0.40860477  0.13895877 -0.77547777],[ 0.38952786  0.14153813 -0.77579564],[ 0.55933321  0.1502219  -0.30382925],[ 0.36984438  0.16316053 -0.3268173 ],[ 0.50002301  0.27611259 -0.67589694],[ 0.42552289  0.28624561 -0.68170059],[0.68969017 0.51983041 0.02085042],[ 0.26023743  0.53294206 -0.3136476 ],[0.88018018 0.89858532 0.16746195],[ 0.14789908  0.96065211 -1.03126287],[ 1.12214017  1.21972978 -0.07307056],[ 0.3715449   0.53606266 -1.89368308],[ 1.21114218  1.30358052 -0.12293194],[ 0.40965605  0.42796507 -2.08647585],[ 1.19301534  1.29806113 -0.22054151],[ 0.40347162  0.39616913 -2.01573992],[ 1.14117193  1.28203642 -0.13603114],[ 0.40112552  0.43240812 -1.89116156],[0.66957259 1.36140966 0.00211225],[0.34238011 1.37850273 0.0023392 ],[ 0.67805684  2.11248136 -0.10635821],[ 0.37480921  2.1231153  -0.12362657],[0.67722309 2.81733418 0.42442244],[0.39281997 2.81703782 0.104247  ],[0.68498081 2.90848637 0.4356347 ],[0.38023582 2.90442872 0.11176829],[ 0.64863199  3.01985669 -0.21827376],[ 0.45021287  3.02844548 -0.65385568]
[ 3.47510517e-01  5.47755718e-01 -2.66484754e-08],[0.35101974 0.49758297 0.00619119],[0.36512136 0.45454559 0.00324207],[ 0.38557321  0.43700507 -0.00347035],[ 0.40444258  0.43255851 -0.00977302],[0.3591755  0.42641413 0.00155763],[ 0.36859378  0.3770749  -0.00722299],[ 0.36919308  0.34345001 -0.01325233],[ 0.36743644  0.3144784  -0.01837872],[ 0.36925459  0.42937103 -0.00929948],[ 0.41035497  0.41840667 -0.0225139 ],[ 0.41079065  0.44261956 -0.02544815],[ 0.40025499  0.45307863 -0.02513134],[ 0.38186139  0.44146654 -0.01981867],[ 0.41926536  0.44122922 -0.02765593],[ 0.41482767  0.46337157 -0.02134628],[ 0.40322128  0.46960464 -0.01632982],[ 0.39552447  0.45813161 -0.03085048],[ 0.42405921  0.46251294 -0.03142301],[ 0.41761273  0.48166567 -0.02365611],[ 0.40626568  0.48765099 -0.01795113],[0. 0. 0.],[0. 0. 0.],[0. 0. 0.],[0. 0. 0.],[0. 0. 0.],[0. 0. 0.],[0. 0. 0.],[0. 0. 0.],[0. 0. 0.],[0. 0. 0.],[0. 0. 0.],[0. 0. 0.],[0. 0. 0.],[0. 0. 0.],[0. 0. 0.],[0. 0. 0.],[0. 0. 0.],[0. 0. 0.],[0. 0. 0.],[0. 0. 0.],[0. 0. 0.],[0.36417103 0.30241999 0.02589327],[0.35766697 0.30746916 0.04884831],[0.37472251 0.30736357 0.01066081],[0.37511781 0.33338267 0.01985977],[0.38518816 0.31472683 0.0017437 ],[0.36724544 0.32074037 0.02727415],[0.38525498 0.3447805  0.00900041],[0.36295965 0.32924277 0.04398602],[0.50964874 0.29286441 0.02671138],[0.51595354 0.29702166 0.04978286],[0.49988925 0.29927188 0.0113601 ],[0.50145155 0.3253544  0.02063178],[0.49019569 0.3080349  0.00236402],[0.50804776 0.31165498 0.02809882],[0.49259406 0.33807057 0.00961616],[0.51268262 0.31951854 0.04498792],[ 0.44359502  0.28370255 -0.72936785],[ 0.46284771  0.22559734 -0.66025317],[ 0.47807655  0.22645096 -0.66009843],[ 0.49214903  0.22768673 -0.66021019],[ 0.4161275   0.22760251 -0.66734684],[ 0.4017303   0.23009665 -0.66696137],[ 0.38619655  0.23309109 -0.66726965],[ 0.50265706  0.25548646 -0.22042486],[ 0.36618471  0.26577324 -0.24327826],[ 0.47023439  0.35338199 -0.56946301],[ 0.41607571  0.35765901 -0.57580531],[0.62802923 0.51707345 0.06360669],[ 0.27096218  0.56159347 -0.19727121],[0.83340693 0.83681709 0.21407719],[ 0.16692623  0.92060632 -0.84580487],[ 1.00147247  1.12946343 -0.01864914],[ 0.36181372  0.54812586 -1.68877852],[ 1.10030591  1.26818717 -0.07124221],[ 0.39427111  0.46582982 -1.87235045],[ 1.07536113  1.26029229 -0.17686585],[ 0.39709204  0.44003996 -1.82119846],[ 1.03704035  1.24396789 -0.07991897],[ 0.39061022  0.46878356 -1.69358253],[0.63907123 1.2628566  0.009669  ],[ 0.34954804  1.28853416 -0.00626941],[ 0.66066587  1.9553231  -0.1173072 ],[ 0.39009437  1.97451854 -0.15670253],[0.66407752 2.62378836 0.35020393],[4.00150359e-01 2.64292836e+00 1.01600843e-03],[0.66867453 2.70389843 0.36252886],[3.91551048e-01 2.72716022e+00 1.06013940e-04],[ 0.63761944  2.82147694 -0.24698624],[ 0.4393456   2.83033466 -0.70277792]
[ 3.58438730e-01  5.35209239e-01 -2.54102659e-08],[0.36214536 0.48882535 0.00665709],[0.37665945 0.44920686 0.00481633],[ 0.39566779  0.43596563 -0.00078107],[ 0.41312811  0.4334738  -0.006273  ],[0.37602535 0.41129741 0.00080113],[ 0.39633974  0.36303347 -0.00545054],[ 0.40421164  0.3314029  -0.00964941],[ 0.40821928  0.30416095 -0.01360906],[ 0.38610891  0.41544196 -0.00893115],[ 0.42567009  0.41400218 -0.01864805],[ 0.42362228  0.43565202 -0.02094079],[ 0.41163412  0.44351277 -0.0214205 ],[ 0.3987574   0.42994699 -0.0179759 ],[ 0.43331289  0.43590966 -0.02344084],[ 0.42810494  0.45610833 -0.01855179],[ 0.41640162  0.46075261 -0.01536314],[ 0.41150641  0.44775242 -0.02729868],[ 0.43880635  0.455515   -0.0264214 ],[ 0.4321281   0.47308081 -0.01932298],[ 0.42085877  0.47883585 -0.01436391],[0. 0. 0.],[0. 0. 0.],[0. 0. 0.],[0. 0. 0.],[0. 0. 0.],[0. 0. 0.],[0. 0. 0.],[0. 0. 0.],[0. 0. 0.],[0. 0. 0.],[0. 0. 0.],[0. 0. 0.],[0. 0. 0.],[0. 0. 0.],[0. 0. 0.],[0. 0. 0.],[0. 0. 0.],[0. 0. 0.],[0. 0. 0.],[0. 0. 0.],[0. 0. 0.],[ 4.14715588e-01  2.88789064e-01 -1.58358074e-04],[0.40166825 0.2945118  0.01800582],[ 0.42909867  0.29395574 -0.01034263],[ 0.4254877   0.32119548 -0.00502971],[ 0.44213659  0.30179161 -0.01589745],[0.41607925 0.30796081 0.00043339],[ 0.4377895   0.33330888 -0.01276821],[0.40634283 0.31726867 0.01280191],[0.54824114 0.29616815 0.04394333],[0.54731715 0.30235493 0.06631184],[0.54340851 0.29982692 0.02600838],[0.54037774 0.32543185 0.03211799],[0.5372842  0.30613786 0.01366124],[0.54489541 0.31383157 0.04234599],[0.53505641 0.33560407 0.01807226],[0.54362839 0.32294959 0.05863305],[ 0.48836941  0.28390786 -0.64470571],[ 0.49909773  0.23355164 -0.5675413 ],[ 0.5096792   0.23467621 -0.56722802],[ 0.52275598  0.23627326 -0.56726861],[ 0.46479315  0.23079075 -0.58679742],[ 0.44904256  0.23080963 -0.5864597 ],[ 0.43230087  0.23001739 -0.58673036],[ 0.52616596  0.26240361 -0.12171829],[ 0.39643687  0.25283131 -0.20363231],[ 0.50202131  0.35019568 -0.48554677],[ 0.45383295  0.35151276 -0.50856787],[0.62708688 0.52574551 0.11849775],[ 0.27489603  0.5553934  -0.22231451],[0.82789409 0.82655734 0.24894607],[ 0.17076521  0.89490283 -0.93920439],[0.98487806 1.12142205 0.0750316 ],[ 0.37336522  0.49840873 -1.67135692],[1.09139156 1.26295674 0.03592591],[ 0.40983239  0.40182161 -1.83576274],[ 1.0697571   1.26522505 -0.04962713],[ 0.41100955  0.3734265  -1.77523303],[1.03402698 1.24710262 0.02496985],[ 0.40401357  0.40513638 -1.66845679],[0.64481086 1.26970518 0.0208513 ],[ 0.36318412  1.29602039 -0.01710575],[ 0.66532552  1.93361986 -0.06257609],[ 0.40349835  1.95545828 -0.14446256],[0.66679025 2.56985831 0.40397754],[0.42065525 2.59388328 0.04946974],[0.66714489 2.64970803 0.41503182],[0.40962544 2.67448449 0.05389244],[ 0.65952629  2.75475025 -0.14150792],[ 0.47114715  2.78252864 -0.61488187]
[ 3.51558447e-01  5.35893559e-01 -1.68343011e-08],[0.35434747 0.4906525  0.0069568 ],[0.36662006 0.45267764 0.00494809],[ 0.38375923  0.4405731  -0.00122544],[ 0.39996371  0.43770969 -0.00737938],[0.3642168  0.41447219 0.00224039],[ 0.38117498  0.36630759 -0.00420633],[ 0.38688177  0.33383852 -0.00895435],[ 0.38945177  0.30607051 -0.01342276],[ 0.37368646  0.41666418 -0.00804422],[ 0.41404858  0.41565076 -0.01851079],[ 0.41369972  0.43759054 -0.02152741],[ 0.40269884  0.44627336 -0.02238208],[ 0.38626227  0.42896953 -0.01773473],[ 0.42269465  0.43457556 -0.02355713],[ 0.41873538  0.45559758 -0.01900047],[ 0.40732911  0.46119273 -0.01597217],[ 0.39950022  0.44476783 -0.02777588],[ 0.42773312  0.45300895 -0.02712107],[ 0.42165956  0.47150069 -0.02018278],[ 0.41051304  0.47784328 -0.01532585],[0. 0. 0.],[0. 0. 0.],[0. 0. 0.],[0. 0. 0.],[0. 0. 0.],[0. 0. 0.],[0. 0. 0.],[0. 0. 0.],[0. 0. 0.],[0. 0. 0.],[0. 0. 0.],[0. 0. 0.],[0. 0. 0.],[0. 0. 0.],[0. 0. 0.],[0. 0. 0.],[0. 0. 0.],[0. 0. 0.],[0. 0. 0.],[0. 0. 0.],[0. 0. 0.],[0.40499896 0.29238075 0.00205158],[0.39257631 0.29830027 0.02078838],[ 0.41916531  0.2971378  -0.00857545],[ 0.41624862  0.32432991 -0.00281177],[ 0.43211403  0.30454633 -0.01448555],[0.4067609  0.31143141 0.00282022],[ 0.42861828  0.33595473 -0.01088925],[0.3975904  0.3208167  0.01571435],[0.53964955 0.29267314 0.04338186],[0.53896481 0.29837435 0.06600537],[0.53473526 0.29700324 0.02548567],[0.53218168 0.32252467 0.03196137],[0.5285992  0.30391636 0.01322227],[0.53662497 0.31049582 0.04206368],[0.52685332 0.3331925  0.017997  ],[0.53563535 0.31920189 0.05861668],[ 0.47391835  0.27033916 -0.62520659],[ 0.48803553  0.22300008 -0.54764259],[ 0.49612194  0.22471328 -0.54725128],[ 0.50874376  0.22650413 -0.54717451],[ 0.44844431  0.22194476 -0.56471997],[ 0.43252292  0.2222074  -0.56444097],[ 0.41643181  0.22324267 -0.56470835],[ 0.51818913  0.25700825 -0.11294808],[ 0.38340339  0.24799302 -0.18494593],[ 0.49374422  0.33769688 -0.47307175],[ 0.43887258  0.33908167 -0.49298453],[0.62463838 0.52457333 0.09436552],[ 0.26592317  0.5545131  -0.19865194],[0.82598889 0.81479168 0.18564191],[ 0.16841254  0.89631116 -0.88671482],[0.9908644  1.14481938 0.01135587],[ 0.37298784  0.49882844 -1.59952605],[ 1.08428419  1.27219343 -0.04041193],[ 0.41063976  0.40574068 -1.76321387],[ 1.05721879  1.27754784 -0.11920793],[ 0.41202903  0.37967321 -1.70210338],[ 1.02188778  1.25527632 -0.03796677],[ 0.40463233  0.4094803  -1.59728885],[0.63977283 1.26828003 0.01418452],[ 0.35582465  1.29327118 -0.01010559],[ 0.66290224  1.91539502 -0.07112616],[ 0.39891273  1.93326306 -0.10383135],[0.66329962 2.54154158 0.38111559],[0.41119137 2.56160784 0.11084069],[0.6640873  2.62118411 0.38999212],[0.39719751 2.64570832 0.11700739],[ 0.65484482  2.72460771 -0.1666905 ],[ 0.46660176  2.7452116  -0.54359823]
[ 3.52199584e-01  5.42227685e-01 -3.61457531e-08],[0.35547772 0.49357277 0.00732718],[0.36985877 0.45158735 0.00521693],[ 0.38894114  0.43563449 -0.00100733],[ 0.40655896  0.43016988 -0.00691335],[0.36781204 0.41535503 0.00225823],[ 0.38409248  0.36528084 -0.00453789],[ 0.39013499  0.33300507 -0.00895951],[ 0.39263818  0.3056871  -0.01308924],[ 0.37780368  0.41833821 -0.00835514],[ 0.41602728  0.41516608 -0.01944063],[ 0.41578493  0.43749028 -0.02239578],[ 0.40497005  0.44627419 -0.02300683],[ 0.3904177   0.43117046 -0.0183786 ],[ 0.42601031  0.43712115 -0.02514231],[ 0.42191386  0.45851803 -0.02040281],[ 0.41067404  0.46408302 -0.01703719],[ 0.40371946  0.44804734 -0.02867282],[ 0.43166625  0.45751435 -0.02882441],[ 0.42568073  0.47617024 -0.02224862],[ 0.41457003  0.48209703 -0.01747691],[0. 0. 0.],[0. 0. 0.],[0. 0. 0.],[0. 0. 0.],[0. 0. 0.],[0. 0. 0.],[0. 0. 0.],[0. 0. 0.],[0. 0. 0.],[0. 0. 0.],[0. 0. 0.],[0. 0. 0.],[0. 0. 0.],[0. 0. 0.],[0. 0. 0.],[0. 0. 0.],[0. 0. 0.],[0. 0. 0.],[0. 0. 0.],[0. 0. 0.],[0. 0. 0.],[0.40357384 0.29667389 0.00343654],[0.39145184 0.30196777 0.02263862],[ 0.41768193  0.30168286 -0.00733859],[ 0.41536424  0.3283363  -0.00060164],[ 0.43071213  0.30918363 -0.01319446],[0.40572512 0.31542066 0.004789  ],[ 0.42779249  0.34003985 -0.00849682],[0.39689159 0.3242732  0.01823556],[0.53896111 0.29326117 0.0436755 ],[0.53839123 0.29803765 0.06662553],[0.53401756 0.29839507 0.0258705 ],[0.53161901 0.3234027  0.03329746],[0.52789062 0.30592078 0.01383242],[0.53604072 0.31093827 0.04302006],[0.5263471  0.33468369 0.01969554],[0.53516936 0.31891119 0.05998756],[ 0.4699429   0.27136114 -0.6288076 ],[ 0.48536557  0.2230988  -0.5539723 ],[ 0.49378735  0.22452022 -0.5535664 ],[ 0.50649559  0.22598206 -0.5534963 ],[ 0.4444375   0.22313972 -0.57007098],[ 0.42796046  0.22394477 -0.56976116],[ 0.41174841  0.2255941  -0.5700134 ],[ 0.51723737  0.25576749 -0.12521556],[ 0.38071793  0.25044945 -0.18917063],[ 0.4916378   0.3387782  -0.47575808],[ 0.43599492  0.34045407 -0.49457073],[0.62439662 0.51762938 0.09036333],[ 0.26593256  0.55456001 -0.20050128],[0.8223899  0.81066066 0.1948597 ],[ 0.16446137  0.89584202 -0.88741112],[0.98397744 1.11680484 0.01702854],[ 0.37270385  0.50262445 -1.60946405],[ 1.08467662  1.26389802 -0.03160561],[ 0.41066146  0.41208455 -1.77541256],[ 1.05830348  1.2671138  -0.11256429],[ 0.41228452  0.38716075 -1.71310651],[ 1.02217484  1.24639893 -0.0331031 ],[ 0.40511447  0.41524822 -1.60683382],[0.63717157 1.26624191 0.01055076],[ 0.35283998  1.28981793 -0.00638972],[ 0.66162521  1.91079187 -0.07284542],[ 0.39778373  1.92705405 -0.10531547],[0.66138858 2.53323531 0.38458037],[0.4084807  2.55280137 0.10395233],[0.66282749 2.61245418 0.39433169],[0.39490551 2.63683772 0.1098135 ],[ 0.65043503  2.71716189 -0.16217127],[ 0.46297947  2.73693633 -0.55176675]
[ 3.43501002e-01  5.27922809e-01 -5.79912687e-08],[0.35489637 0.48058549 0.00751269],[0.37655413 0.44208866 0.00538744],[ 3.97103667e-01  4.30611491e-01 -4.03667917e-04],[ 0.41245478  0.4277952  -0.00601717],[0.37898263 0.40384915 0.00137185],[ 0.39586547  0.35977063 -0.0066724 ],[ 0.39793035  0.32549402 -0.01338389],[ 0.39468235  0.29652107 -0.01874406],[ 0.38743246  0.40966669 -0.00895913],[ 0.42986006  0.42016301 -0.01781311],[ 0.4266797   0.44198525 -0.02030088],[ 0.41385743  0.44539601 -0.02157746],[ 0.39698088  0.42812893 -0.01868026],[ 0.43581542  0.4436174  -0.02274106],[ 0.4290323   0.46280554 -0.01665614],[ 0.41681904  0.46347183 -0.01352151],[ 0.40630901  0.45073628 -0.02878688],[ 0.43726033  0.46450469 -0.02649898],[ 0.42848343  0.48076269 -0.01785929],[ 0.4161554   0.48290431 -0.01248966],[0. 0. 0.],[0. 0. 0.],[0. 0. 0.],[0. 0. 0.],[0. 0. 0.],[0. 0. 0.],[0. 0. 0.],[0. 0. 0.],[0. 0. 0.],[0. 0. 0.],[0. 0. 0.],[0. 0. 0.],[0. 0. 0.],[0. 0. 0.],[0. 0. 0.],[0. 0. 0.],[0. 0. 0.],[0. 0. 0.],[0. 0. 0.],[0. 0. 0.],[0. 0. 0.],[0.38368422 0.29390132 0.01371124],[0.37379009 0.30055699 0.03424395],[0.3963438  0.298195   0.00116627],[0.39459071 0.32565451 0.00821218],[ 0.4081893   0.30541372 -0.00637219],[0.38585353 0.31290895 0.01463396],[ 0.40603966  0.33726057 -0.00131317],[0.37870663 0.32281342 0.02909672],[0.52863353 0.2939865  0.03522103],[0.53215146 0.30081785 0.05783021],[0.52095401 0.29796618 0.01892696],[0.52074033 0.32493618 0.02631985],[0.51273334 0.30486929 0.00811799],[0.52650821 0.31262347 0.0351219 ],[0.51326871 0.33590356 0.01371327],[0.5289129  0.32251239 0.05157572],[ 0.45919481  0.26776025 -0.61453283],[ 0.47839683  0.21884218 -0.54298741],[ 0.48795325  0.22003581 -0.54259437],[ 0.50084537  0.22033691 -0.54255813],[ 0.43454117  0.21937712 -0.5548622 ],[ 0.41731519  0.22058888 -0.55447596],[ 0.40053862  0.22245468 -0.55471367],[ 0.51680076  0.24953178 -0.12812507],[ 0.3758049   0.24818067 -0.17092013],[ 0.48491663  0.33430427 -0.46806151],[ 0.4271996   0.33804321 -0.48082787],[0.62614644 0.51589483 0.08034007],[ 0.27690378  0.5509873  -0.18046366],[0.82224876 0.8155629  0.18611425],[ 0.16649209  0.89747983 -0.8288759 ],[0.98404205 1.11809671 0.01876545],[ 0.36992055  0.50912255 -1.53313243],[ 1.07443368  1.25540113 -0.03125755],[ 0.40706247  0.41801882 -1.69552922],[ 1.04960859  1.25498962 -0.11334448],[ 0.40766817  0.39305034 -1.63790584],[ 1.014099    1.23441124 -0.03165189],[ 0.4011156   0.42171076 -1.53178084],[0.62414265 1.25501907 0.01136928],[ 0.34595624  1.27052569 -0.00726344],[ 0.64520836  1.88974261 -0.06214449],[ 0.3835724   1.90042639 -0.10112643],[0.64146316 2.50169063 0.38272777],[0.39043602 2.51571679 0.09546658],[0.64347565 2.57857275 0.39205942],[0.37716925 2.59702063 0.10080995],[ 0.62596399  2.6838336  -0.15828767],[ 0.44196853  2.69843936 -0.54804856]
[ 3.41359615e-01  5.41154385e-01 -3.74438400e-08],[0.34849742 0.49080777 0.0077478 ],[0.36578101 0.44950646 0.00580969],[ 3.88509333e-01  4.35555667e-01 -8.46622861e-05],[ 0.4073492   0.4316332  -0.00569952],[0.3616347  0.41334003 0.00411509],[ 0.3779698   0.36764413 -0.00219422],[ 0.38049382  0.33559072 -0.007203  ],[ 0.37852773  0.3070035  -0.01187739],[ 0.3708663   0.41802895 -0.0065861 ],[ 0.41496903  0.41710064 -0.01564303],[ 0.41332957  0.43981093 -0.01768634],[ 0.40046266  0.4455131  -0.0182053 ],[ 0.38220426  0.43344769 -0.01677651],[ 0.42198431  0.43925154 -0.02099509],[ 0.41647598  0.45879301 -0.01469548],[ 0.40404242  0.46122882 -0.01111246],[ 0.39374307  0.45285073 -0.02736119],[ 0.42407674  0.46022078 -0.02527723],[ 0.41658545  0.47769397 -0.01692975],[ 0.40442339  0.48153907 -0.01164489],[0. 0. 0.],[0. 0. 0.],[0. 0. 0.],[0. 0. 0.],[0. 0. 0.],[0. 0. 0.],[0. 0. 0.],[0. 0. 0.],[0. 0. 0.],[0. 0. 0.],[0. 0. 0.],[0. 0. 0.],[0. 0. 0.],[0. 0. 0.],[0. 0. 0.],[0. 0. 0.],[0. 0. 0.],[0. 0. 0.],[0. 0. 0.],[0. 0. 0.],[0. 0. 0.],[0.37909764 0.29695901 0.02305512],[0.37210783 0.30154473 0.04557078],[0.38976055 0.302506   0.00843267],[0.38921577 0.32845101 0.01735655],[ 4.00104582e-01  3.10481846e-01 -1.80170871e-04],[0.38159755 0.31533995 0.02446775],[0.39904445 0.34057534 0.00676244],[0.37678695 0.32344052 0.04080325],[0.52198392 0.29772171 0.02924213],[0.52693963 0.30238938 0.05237693],[0.51290894 0.30316585 0.0136277 ],[0.51283419 0.32900578 0.022682  ],[0.50357747 0.31099728 0.00412468],[0.51945961 0.31602794 0.03041452],[0.50429565 0.34093064 0.01119953],[0.52288222 0.32415682 0.04739273],[ 0.4565385   0.26811615 -0.60851872],[ 0.47714338  0.21875167 -0.53521472],[ 0.48661518  0.21994539 -0.53481424],[ 0.49936661  0.22033912 -0.53475773],[ 0.43252832  0.21908279 -0.5480867 ],[ 0.4145267   0.22009824 -0.54771698],[ 0.3973276   0.22177418 -0.54794818],[ 0.51534927  0.24972314 -0.12051163],[ 0.37181729  0.24589619 -0.16957854],[ 0.48186761  0.33461693 -0.46321711],[ 0.42432824  0.33815068 -0.47724456],[0.62084186 0.51819009 0.07911857],[ 0.26941052  0.55045772 -0.18088087],[0.81989509 0.81939572 0.18147914],[ 0.16854331  0.90599382 -0.83178598],[0.97510183 1.13244832 0.01394771],[ 0.36519662  0.51134562 -1.53137958],[ 1.06800377  1.26814449 -0.03748342],[ 0.40118951  0.4191837  -1.69218791],[ 1.04312062  1.270432   -0.11794064],[ 0.40093336  0.3940025  -1.63881564],[ 1.00839841  1.24724054 -0.03599432],[ 0.39446089  0.42337698 -1.53182137],[0.62071294 1.25631893 0.01289713],[ 0.34397995  1.27234864 -0.00896719],[ 0.64188087  1.88519073 -0.06941686],[ 0.38066921  1.89829481 -0.08213076],[0.63948792 2.49637175 0.35619417],[0.38761765 2.51229787 0.12821969],[0.64081591 2.57360935 0.36350495],[0.37343019 2.59418893 0.13491158],[ 0.62737775  2.67791367 -0.18035974],[ 0.44232827  2.69383168 -0.50306118]
[ 3.42347145e-01  5.36350667e-01 -2.98844611e-08],[0.35054806 0.48514786 0.00853047],[0.36911151 0.44291118 0.00684433],[0.39121586 0.42845094 0.00113088],[ 0.40959871  0.42433378 -0.00434935],[0.36417782 0.40800989 0.00323965],[ 0.38242263  0.36291879 -0.00345562],[ 0.38504896  0.33036566 -0.00809343],[ 0.38288128  0.30130222 -0.0123113 ],[ 0.37277296  0.4128527  -0.0079149 ],[ 0.41973463  0.41011056 -0.01699545],[ 0.41921663  0.43460914 -0.01792598],[ 0.40742281  0.44218576 -0.01745858],[ 0.38411164  0.42858419 -0.01849138],[ 0.42689693  0.43395108 -0.0227356 ],[ 0.42187563  0.45502371 -0.01549712],[ 0.40991327  0.45852599 -0.01112384],[ 0.39606336  0.44869977 -0.02938279],[ 0.42863387  0.45543379 -0.0269264 ],[ 0.42153895  0.47338036 -0.01791123],[ 0.40961963  0.47750428 -0.01219901],[0. 0. 0.],[0. 0. 0.],[0. 0. 0.],[0. 0. 0.],[0. 0. 0.],[0. 0. 0.],[0. 0. 0.],[0. 0. 0.],[0. 0. 0.],[0. 0. 0.],[0. 0. 0.],[0. 0. 0.],[0. 0. 0.],[0. 0. 0.],[0. 0. 0.],[0. 0. 0.],[0. 0. 0.],[0. 0. 0.],[0. 0. 0.],[0. 0. 0.],[0. 0. 0.],[0.36951402 0.30750546 0.02967301],[0.36379284 0.31098661 0.05342394],[0.37960827 0.31350517 0.01404763],[0.38060495 0.33829853 0.0246974 ],[0.38977972 0.32151407 0.00497518],[0.37287596 0.32525161 0.03185961],[0.39021441 0.35039297 0.01380208],[0.36917415 0.33240491 0.04953929],[0.51521653 0.3043986  0.02501946],[0.52227771 0.30760568 0.0483924 ],[0.50470012 0.31100011 0.01025681],[0.50602645 0.33634859 0.02090419],[0.49429911 0.31963265 0.00195097],[0.51322448 0.32269618 0.02752847],[0.49661314 0.3490811  0.01059315],[0.51840156 0.32976517 0.04490812],[ 0.4424541   0.28108028 -0.64037335],[ 0.46484131  0.22760957 -0.57590902],[ 0.47777063  0.22888309 -0.57550561],[ 0.48769087  0.2292119  -0.57547021],[ 0.41876906  0.22952753 -0.58407289],[ 0.40027657  0.23110183 -0.58370674],[ 0.38761568  0.23239933 -0.58396125],[ 0.50937784  0.256221   -0.17740053],[ 0.36560696  0.25713047 -0.20631607],[ 0.47173914  0.34594682 -0.49791735],[ 0.41472191  0.35172579 -0.50517392],[0.62279862 0.51589471 0.0450747 ],[ 0.26786244  0.55369091 -0.19374731],[0.8185674  0.81287062 0.18219802],[ 0.17269939  0.90850025 -0.83507806],[0.98523206 1.09905195 0.05032052],[ 0.36186108  0.52442163 -1.53844333],[1.07878768 1.23275423 0.01314572],[ 0.39678881  0.43395105 -1.69802737],[ 1.05961871  1.23377812 -0.06844634],[ 0.39805019  0.40954885 -1.63682246],[1.02264977 1.21440959 0.00181793],[ 0.39184469  0.43731681 -1.53635144],[0.6198734  1.26276457 0.00566214],[ 0.34220129  1.27980471 -0.001753  ],[ 0.63807106  1.88250554 -0.04844956],[ 0.37393528  1.89477515 -0.08567785],[0.63482428 2.47557425 0.39922214],[0.3845785  2.49025607 0.10900642],[0.6376549  2.5509882  0.40907735],[0.37222749 2.56851315 0.11416423],[ 0.62061089  2.65452909 -0.13247329],[ 0.43944269  2.67331576 -0.51666677]
[ 3.40729117e-01  5.34920752e-01 -2.67435141e-08],[0.34933791 0.48413968 0.00837155],[0.36780933 0.44320428 0.00633935],[3.89389008e-01 4.29197729e-01 2.28306322e-04],[ 0.40747717  0.42678705 -0.00574019],[0.36408013 0.40711704 0.0022231 ],[ 0.3830753   0.3616792  -0.00473687],[ 0.38637704  0.32786992 -0.0095796 ],[ 0.3848978   0.29785976 -0.01395198],[ 0.37239581  0.41231883 -0.00900788],[ 0.41891932  0.41131261 -0.01834836],[ 0.41780853  0.43545675 -0.01927121],[ 0.40543208  0.44274917 -0.01883677],[ 0.38323644  0.42834294 -0.01958865],[ 0.42601305  0.43471077 -0.023942  ],[ 0.42052415  0.45561907 -0.01638099],[ 0.40806699  0.45926985 -0.01179198],[ 0.3944653   0.44867116 -0.03053068],[ 0.42760921  0.45546144 -0.02822652],[ 0.4203285   0.47339571 -0.01893631],[ 0.40820444  0.47808692 -0.01294998],[0. 0. 0.],[0. 0. 0.],[0. 0. 0.],[0. 0. 0.],[0. 0. 0.],[0. 0. 0.],[0. 0. 0.],[0. 0. 0.],[0. 0. 0.],[0. 0. 0.],[0. 0. 0.],[0. 0. 0.],[0. 0. 0.],[0. 0. 0.],[0. 0. 0.],[0. 0. 0.],[0. 0. 0.],[0. 0. 0.],[0. 0. 0.],[0. 0. 0.],[0. 0. 0.],[0.37002301 0.30343533 0.0287029 ],[0.36424288 0.30840626 0.05193432],[0.37992039 0.30864406 0.01297387],[0.38029179 0.3347308  0.02199589],[0.38983691 0.31626782 0.00355471],[0.37291336 0.32183969 0.02980823],[0.38970399 0.34648335 0.010544  ],[0.36906701 0.33025426 0.04672514],[0.51563966 0.3013109  0.02379707],[0.5226956  0.30612093 0.04667752],[0.5051083  0.30693924 0.00884977],[0.50627506 0.33350387 0.01788876],[4.94689107e-01 3.15013587e-01 1.96545428e-04],[0.51356155 0.32015559 0.02519811],[0.49668726 0.34571126 0.00700969],[0.51869243 0.32854253 0.04183979],[ 0.43927163  0.28070718 -0.62642413],[ 0.4619731   0.22713163 -0.56319827],[ 0.4755888   0.22821374 -0.56275487],[ 0.48598742  0.22835496 -0.56269258],[ 0.41545248  0.22952263 -0.57017303],[ 0.39786571  0.23110886 -0.56979269],[ 0.38545257  0.23237859 -0.56998432],[ 0.50818193  0.2536757  -0.17505962],[ 0.36445603  0.25549036 -0.19770113],[ 0.46909246  0.34536201 -0.48872137],[ 0.41210932  0.35122144 -0.49452829],[0.62347716 0.51509643 0.04179848],[ 0.26856893  0.55163234 -0.18979719],[0.8210972  0.81294239 0.15969917],[ 0.17384048  0.90410024 -0.78106833],[0.98048687 1.10559952 0.00504987],[ 0.36102885  0.52024847 -1.44925582],[ 1.07736719  1.23909831 -0.04199294],[ 0.39082044  0.43127817 -1.60702491],[ 1.05519128  1.24171126 -0.12684588],[ 0.3920196   0.40446088 -1.55246437],[ 1.01816463  1.22161901 -0.04600693],[ 0.38764864  0.43347797 -1.44973469],[0.61897832 1.25690293 0.00540052],[ 0.34176809  1.27471101 -0.00139087],[ 0.63480198  1.87620997 -0.04776255],[ 0.37441918  1.88921487 -0.09389897],[0.63286865 2.46643615 0.39390704],[0.38537323 2.48258376 0.09660581],[0.63636458 2.54243636 0.40302521],[0.37373939 2.56203389 0.1007147 ],[ 0.61716419  2.64274263 -0.13350128],[ 0.43926096  2.66159725 -0.52200454]
[ 3.43987107e-01  5.42385399e-01 -5.00029458e-08],[0.35047054 0.49261734 0.0088764 ],[0.3683368  0.4503974  0.00821528],[0.38751069 0.43521634 0.00351691],[ 0.40445814  0.43140274 -0.00099593],[0.36876434 0.4138222  0.00409942],[ 0.38781339  0.3686482  -0.00108431],[ 0.39302948  0.337062   -0.00491291],[ 0.39415529  0.3093037  -0.0087611 ],[ 0.37827814  0.41885212 -0.0062733 ],[ 0.4182952   0.42322335 -0.01418405],[ 0.416971    0.445263   -0.01604429],[ 0.40594608  0.45233229 -0.01674158],[ 0.38957447  0.43527687 -0.01584039],[ 0.42607823  0.44601387 -0.01978905],[ 0.42031351  0.46587986 -0.01440923],[ 0.40829062  0.46934295 -0.0114528 ],[ 0.40072328  0.45566919 -0.02555198],[ 0.43119177  0.46616486 -0.02367567],[ 0.42376769  0.48309335 -0.01622622],[ 0.41143787  0.48723575 -0.01137083],[0. 0. 0.],[0. 0. 0.],[0. 0. 0.],[0. 0. 0.],[0. 0. 0.],[0. 0. 0.],[0. 0. 0.],[0. 0. 0.],[0. 0. 0.],[0. 0. 0.],[0. 0. 0.],[0. 0. 0.],[0. 0. 0.],[0. 0. 0.],[0. 0. 0.],[0. 0. 0.],[0. 0. 0.],[0. 0. 0.],[0. 0. 0.],[0. 0. 0.],[0. 0. 0.],[0.37712017 0.27972588 0.02495694],[0.37024784 0.28718027 0.0472572 ],[0.38749823 0.28344429 0.00928769],[0.38617051 0.31093022 0.01513292],[ 0.39765233  0.29011214 -0.00081042],[0.37900999 0.298574   0.02402404],[0.39555392 0.32195863 0.00278507],[0.37405345 0.30901685 0.03958144],[0.5248189  0.28639761 0.02298862],[0.53132039 0.29478493 0.04536215],[0.51445508 0.28902811 0.00739248],[0.51478922 0.31702635 0.01336019],[ 0.50402325  0.29475144 -0.00246823],[0.52226847 0.30528665 0.02211941],[0.50510347 0.32707119 0.00109075],[0.52681839 0.31649137 0.03779379],[ 0.44825715  0.2625291  -0.63344097],[ 0.47040787  0.21914367 -0.5636574 ],[ 0.48215932  0.21925357 -0.56316346],[ 0.49719691  0.22027045 -0.56301457],[ 0.42737508  0.22086643 -0.57275277],[ 0.41092476  0.22278853 -0.57240218],[ 0.39455551  0.22490218 -0.57264459],[ 0.51467609  0.24297054 -0.16890837],[ 0.3734749   0.24128622 -0.20068543],[ 0.47450584  0.32603773 -0.49543253],[ 0.41859946  0.32865849 -0.5037145 ],[0.62897789 0.52251375 0.04445942],[ 0.2738789   0.5503512  -0.20297797],[0.83007252 0.83253074 0.14429215],[ 0.17448352  0.90601259 -0.82783973],[1.01378846 1.16189623 0.01430486],[ 0.36858502  0.52179337 -1.48692   ],[ 1.08033383  1.25466144 -0.02556963],[ 0.40374216  0.43053231 -1.64662325],[ 1.05423379  1.2618463  -0.09841223],[ 0.40371776  0.40913457 -1.57849205],[ 1.01630652  1.2406292  -0.03202966],[ 0.3988021   0.44007432 -1.48364723],[0.62361002 1.27101529 0.00271155],[0.34247288 1.28842962 0.00164914],[ 0.63497359  1.88839114 -0.05270426],[ 0.37287289  1.90155399 -0.06123251],[0.63016737 2.47359371 0.40902013],[0.37833074 2.48690391 0.19036776],[0.63308156 2.5528717  0.41873994],[0.36513463 2.56866693 0.20045166],[ 0.61489755  2.64598441 -0.12878254],[ 0.43185383  2.66352224 -0.4288041 ]
[ 3.44163299e-01  5.44790745e-01 -2.34281554e-08],[0.35058853 0.49590448 0.00936781],[0.3678697  0.45565021 0.00840586],[0.38643596 0.44312912 0.00314845],[ 0.40321064  0.4426015  -0.00217328],[0.36950359 0.41969991 0.00375745],[ 0.39062059  0.37423778 -0.00121491],[ 0.39712641  0.34151343 -0.00464523],[ 0.39853838  0.3127144  -0.00832844],[ 0.37944794  0.42421404 -0.00717997],[ 0.42134711  0.42715061 -0.0145507 ],[ 0.4208867   0.44954351 -0.01544882],[ 0.4100025   0.45547402 -0.01560418],[ 0.39088115  0.44030213 -0.01726412],[ 0.42824861  0.45001754 -0.02029098],[ 0.42258784  0.46963787 -0.01414416],[ 0.41004387  0.47133154 -0.01108569],[ 0.40212926  0.46038324 -0.02756001],[ 0.4322181   0.47084761 -0.02506738],[ 0.42457703  0.48758835 -0.01717399],[ 0.41176829  0.49045962 -0.01233885],[0. 0. 0.],[0. 0. 0.],[0. 0. 0.],[0. 0. 0.],[0. 0. 0.],[0. 0. 0.],[0. 0. 0.],[0. 0. 0.],[0. 0. 0.],[0. 0. 0.],[0. 0. 0.],[0. 0. 0.],[0. 0. 0.],[0. 0. 0.],[0. 0. 0.],[0. 0. 0.],[0. 0. 0.],[0. 0. 0.],[0. 0. 0.],[0. 0. 0.],[0. 0. 0.],[0.37917098 0.27094901 0.02389403],[0.3727735  0.28003454 0.04511296],[0.38913858 0.27319345 0.00846791],[0.38780102 0.30070633 0.01249076],[ 0.39890048  0.27874538 -0.00193742],[0.38095355 0.28942645 0.02184251],[ 3.96766901e-01  3.10533106e-01 -1.80675532e-04],[0.37628764 0.30099574 0.03630272],[0.52479392 0.27711871 0.02059883],[0.5313369  0.28708231 0.04176577],[0.51448286 0.27836135 0.00546815],[0.51495701 0.3064265  0.00959235],[ 0.50411379  0.28306031 -0.00446069],[0.52238977 0.29567638 0.01865621],[ 0.50536108  0.31534541 -0.00281147],[0.52702028 0.30796605 0.0331181 ],[ 0.45813847  0.25367898 -0.63669407],[ 0.47579941  0.21351708 -0.56342357],[ 0.4876802   0.21465537 -0.56295907],[ 0.5035637   0.21618327 -0.56283939],[ 0.43580121  0.21291657 -0.57625115],[ 0.42042217  0.21439405 -0.57595694],[ 0.40502447  0.2168649  -0.57623941],[ 0.51656842  0.2378211  -0.15850851],[ 0.37822008  0.23992537 -0.20579927],[ 0.47892499  0.31775865 -0.49580258],[ 0.42661959  0.32059178 -0.5090704 ],[0.63144743 0.52416009 0.0478784 ],[ 0.2750439   0.54956114 -0.21562183],[0.82648993 0.83531892 0.15193745],[ 0.17661199  0.90798301 -0.86063594],[0.98645705 1.12672889 0.02094868],[ 0.37180132  0.51969975 -1.52542567],[ 1.08201611  1.25031054 -0.0176425 ],[ 0.4123165   0.42648026 -1.68071485],[ 1.05730295  1.25697136 -0.09302738],[ 0.41078728  0.40188599 -1.61497569],[ 1.01848769  1.23652196 -0.02515717],[ 0.40412578  0.43391353 -1.5204376 ],[0.62780339 1.2712636  0.0042553 ],[ 3.44047010e-01  1.29046369e+00 -8.20063942e-05],[ 0.64005327  1.88247418 -0.0425906 ],[ 0.37215543  1.89850986 -0.04997862],[0.63595825 2.4642725  0.42311096],[0.37902343 2.47679996 0.20716825],[0.63852495 2.54267287 0.43420154],[0.3656109  2.55753231 0.21812753],[ 0.62423766  2.63599896 -0.09801594],[ 0.43616638  2.65106654 -0.40029126]
[ 3.43273401e-01  5.44647396e-01 -2.58946269e-08],[0.35139477 0.49742258 0.00964791],[0.37022376 0.45854422 0.00896081],[0.38983408 0.44684413 0.00401443],[ 0.40681082  0.44675869 -0.00090916],[0.37051809 0.42254415 0.00460585],[ 3.92945468e-01  3.78448665e-01 -8.73811314e-06],[ 0.40072897  0.34707829 -0.00309742],[ 0.40332124  0.31929186 -0.00649246],[ 0.38032675  0.42716214 -0.00636793],[ 0.4226239   0.43035185 -0.01324527],[ 0.4211798   0.45188567 -0.01375276],[ 0.4100039   0.45601737 -0.01365108],[ 0.39156657  0.44313461 -0.01655156],[ 0.4296599   0.45327175 -0.01924077],[ 0.4232811   0.47148317 -0.01316065],[ 0.4107568   0.47146609 -0.01021875],[ 0.40265566  0.46315989 -0.02688934],[ 0.43261811  0.47436848 -0.0240525 ],[ 0.42411888  0.49027339 -0.0162747 ],[ 0.41110387  0.49187282 -0.01168107],[0. 0. 0.],[0. 0. 0.],[0. 0. 0.],[0. 0. 0.],[0. 0. 0.],[0. 0. 0.],[0. 0. 0.],[0. 0. 0.],[0. 0. 0.],[0. 0. 0.],[0. 0. 0.],[0. 0. 0.],[0. 0. 0.],[0. 0. 0.],[0. 0. 0.],[0. 0. 0.],[0. 0. 0.],[0. 0. 0.],[0. 0. 0.],[0. 0. 0.],[0. 0. 0.],[0.38337094 0.26520663 0.01939655],[0.37653467 0.27624092 0.0390598 ],[0.39357287 0.26601043 0.00500761],[0.39217651 0.29414129 0.00764326],[ 0.40357807  0.27048475 -0.00484982],[0.38505548 0.2837832  0.01675488],[ 0.40177476  0.30264151 -0.00432406],[0.38021809 0.29691255 0.02980738],[0.52768338 0.26843494 0.02145706],[0.53386152 0.27996209 0.04148564],[0.5180552  0.26867473 0.00651641],[0.51930863 0.29711545 0.00934341],[ 0.50825697  0.27267137 -0.00364837],[0.52602911 0.28708318 0.01867712],[ 0.5101496   0.30505401 -0.00312857],[0.53048044 0.30060759 0.03215441],[ 0.45802084  0.24852529 -0.65518171],[ 0.47653246  0.20590854 -0.58264887],[ 0.48829967  0.20747684 -0.58214217],[ 0.50395715  0.20987815 -0.58197558],[ 0.43623677  0.20533878 -0.59221828],[ 0.42094779  0.20735502 -0.59187859],[ 0.40542611  0.21043427 -0.59214145],[ 0.51879245  0.23639637 -0.18189457],[ 0.37976354  0.23931786 -0.211041  ],[ 0.48058429  0.31148389 -0.51541644],[ 0.4278698   0.31363952 -0.52436638],[0.63492709 0.52895629 0.03568614],[ 0.27763903  0.55238122 -0.21861807],[0.83106673 0.84199136 0.14830561],[ 0.17722538  0.90466172 -0.87047589],[0.99113905 1.1456666  0.05181666],[ 0.37256712  0.52065051 -1.53500819],[1.08586431 1.25899374 0.01688069],[ 0.41203856  0.42535958 -1.69486558],[ 1.0601666   1.26691449 -0.05358989],[ 0.40992689  0.40011734 -1.62396216],[1.02129269 1.24640465 0.00703923],[ 0.40510947  0.43384266 -1.53005195],[6.29560292e-01 1.28388631e+00 2.14725122e-04],[0.34292418 1.30184007 0.00400252],[ 0.63944405  1.9005959  -0.03970973],[ 0.37153274  1.91566014 -0.03092043],[0.63392317 2.48103356 0.44699007],[0.37625521 2.49459624 0.24399349],[0.63652813 2.56027055 0.4590486 ],[0.36269632 2.57636523 0.25658563],[ 0.62094164  2.65400028 -0.08782709],[ 0.43353853  2.67176342 -0.37137046]
[ 3.42906207e-01  5.42739391e-01 -1.39485890e-08],[0.3499642  0.49557024 0.00915228],[0.36674184 0.45814845 0.00774639],[0.38576889 0.44736734 0.00182039],[ 0.40238252  0.44782892 -0.00401836],[0.36731148 0.4213745  0.00498204],[3.87231469e-01 3.76167029e-01 1.91540283e-04],[ 0.39438716  0.34370673 -0.00324186],[ 0.39728665  0.31591356 -0.00696577],[ 0.37705046  0.42479032 -0.00625068],[ 0.42029938  0.42820677 -0.01411375],[ 0.41965184  0.45040703 -0.0152175 ],[ 0.40871522  0.45569736 -0.01521585],[ 0.38861793  0.4387154  -0.01681782],[ 0.42730856  0.44901812 -0.02013438],[ 0.42179859  0.4686313  -0.01438665],[ 0.40961117  0.47027016 -0.011383  ],[ 0.40072921  0.45665115 -0.02768156],[ 0.43089536  0.46846804 -0.02514311],[ 0.42303041  0.48539308 -0.01748497],[ 0.41034564  0.48834494 -0.01279247],[0. 0. 0.],[0. 0. 0.],[0. 0. 0.],[0. 0. 0.],[0. 0. 0.],[0. 0. 0.],[0. 0. 0.],[0. 0. 0.],[0. 0. 0.],[0. 0. 0.],[0. 0. 0.],[0. 0. 0.],[0. 0. 0.],[0. 0. 0.],[0. 0. 0.],[0. 0. 0.],[0. 0. 0.],[0. 0. 0.],[0. 0. 0.],[0. 0. 0.],[0. 0. 0.],[0.39287084 0.26694691 0.01258957],[0.38470402 0.27700463 0.03163752],[ 0.40432301  0.26838943 -0.0004103 ],[0.40302649 0.29620641 0.00276953],[ 0.41536236  0.27324381 -0.00902173],[0.39492211 0.28549168 0.01079227],[ 0.41387564  0.30511558 -0.0079205 ],[0.38920531 0.29781276 0.02344093],[0.53434187 0.26640964 0.02896807],[0.53843194 0.27661309 0.04962653],[0.52657306 0.26761034 0.01306049],[0.52756059 0.29506692 0.0166018 ],[0.51828003 0.27227113 0.0019729 ],[0.53299791 0.28467983 0.0263765 ],[0.51998955 0.30358949 0.00348308],[0.53593874 0.29709044 0.04057811],[ 0.4626511   0.24873002 -0.65291572],[ 0.47762728  0.20549034 -0.57959235],[ 0.48979482  0.20693074 -0.57907629],[ 0.50502694  0.20929533 -0.57888854],[ 0.43886828  0.20521227 -0.59097993],[ 0.42396814  0.20748453 -0.59066719],[ 0.40851125  0.21115617 -0.59094161],[ 0.51841885  0.23613593 -0.17717126],[ 0.38067156  0.24064353 -0.21504569],[ 0.48346773  0.31156933 -0.51316845],[ 0.43347615  0.31494489 -0.52413589],[0.63574088 0.52867854 0.04209761],[ 0.27825862  0.55168915 -0.22892621],[0.83108652 0.83774823 0.15721942],[ 0.17797811  0.90515405 -0.89203197],[0.99762458 1.1269716  0.05708905],[ 0.37112871  0.51993877 -1.56945634],[1.08775222 1.25624239 0.02183011],[ 0.4114635   0.42446741 -1.72987425],[ 1.06125271  1.26429939 -0.0496543 ],[ 0.40970492  0.39927277 -1.66023004],[1.02192008 1.24420381 0.01184814],[ 0.40476936  0.43336526 -1.56478417],[0.6295197  1.28425288 0.00392349],[3.40920866e-01 1.30266392e+00 4.44877718e-04],[ 0.64039689  1.90158522 -0.04300947],[ 0.37145776  1.91719067 -0.02424991],[0.63609898 2.48200583 0.4348909 ],[0.37730718 2.49610972 0.27238068],[0.63835347 2.56163645 0.44605947],[0.36370289 2.57873058 0.28731379],[ 0.62463677  2.65402317 -0.09735601],[ 0.43553996  2.67139935 -0.33739674]
[ 3.39538634e-01  5.28306842e-01 -2.35401743e-08],[0.34856811 0.48520455 0.00873328],[0.36524981 0.44659621 0.00805012],[0.38204521 0.43179595 0.00275591],[ 0.39879143  0.42655268 -0.00213233],[0.36243024 0.41108927 0.00747469],[0.38083041 0.36870736 0.00203623],[ 0.38888675  0.33865583 -0.00170142],[ 0.3931863   0.31336647 -0.00551704],[ 0.37149835  0.41437462 -0.00397894],[ 0.4114328   0.41497788 -0.01399917],[ 0.41157413  0.43588805 -0.01637177],[ 0.40070415  0.44286129 -0.01667648],[ 0.38189039  0.42635143 -0.01519339],[ 0.41852415  0.4311325  -0.0213193 ],[ 0.41450524  0.45042139 -0.01674703],[ 0.4030081   0.45374298 -0.01359987],[ 0.39255521  0.44165123 -0.02665526],[ 0.42072687  0.44994083 -0.02687571],[ 0.41564471  0.46625745 -0.02093219],[ 0.40458208  0.46991017 -0.01689936],[0. 0. 0.],[0. 0. 0.],[0. 0. 0.],[0. 0. 0.],[0. 0. 0.],[0. 0. 0.],[0. 0. 0.],[0. 0. 0.],[0. 0. 0.],[0. 0. 0.],[0. 0. 0.],[0. 0. 0.],[0. 0. 0.],[0. 0. 0.],[0. 0. 0.],[0. 0. 0.],[0. 0. 0.],[0. 0. 0.],[0. 0. 0.],[0. 0. 0.],[0. 0. 0.],[ 0.41344699  0.27996251 -0.00048352],[0.40157896 0.28870949 0.01709587],[ 0.42757311  0.28248727 -0.01076162],[ 0.42578176  0.31051672 -0.00693196],[ 0.44068006  0.2880879  -0.01673614],[ 0.41584647  0.29892683 -0.00090404],[ 0.43850005  0.32040924 -0.01511657],[0.40734035 0.31051201 0.01069857],[0.54767501 0.27665871 0.04153327],[0.54792881 0.28492376 0.06299359],[0.54266441 0.27920541 0.02397329],[0.54185712 0.30572367 0.02847859],[0.53660047 0.2848447  0.01155356],[0.54576659 0.29463166 0.03904802],[0.53681421 0.31514889 0.01433152],[0.54571724 0.30544046 0.05431271],[ 0.48777589  0.25637224 -0.61603564],[ 0.49563733  0.2138388  -0.54625326],[ 0.50716704  0.21378694 -0.54581648],[ 0.517039    0.21455769 -0.54576576],[ 0.45924258  0.21606748 -0.56587523],[ 0.44296122  0.21865511 -0.5656023 ],[ 0.42580724  0.22224885 -0.56586981],[ 0.51795352  0.23636602 -0.15182093],[ 0.38960725  0.24528183 -0.2350297 ],[ 0.50499827  0.31851089 -0.47559452],[ 0.46268663  0.32578081 -0.49739617],[0.63346857 0.52434033 0.05674123],[ 0.28466538  0.5483675  -0.25792879],[0.82232666 0.82315665 0.16481172],[ 0.17875387  0.90103686 -0.92070055],[0.99080867 1.1218276  0.03196549],[ 0.36564517  0.51207    -1.58906066],[ 1.09187376  1.25069666 -0.00575016],[ 0.40558973  0.41872457 -1.73910499],[ 1.06378472  1.26176989 -0.0801032 ],[ 0.40389544  0.38882893 -1.68262267],[ 1.02301657  1.24366415 -0.01393186],[ 0.39697403  0.4248842  -1.58621597],[0.63234133 1.27926171 0.00935065],[ 0.34478366  1.30003762 -0.00492071],[ 0.64561594  1.89610374 -0.04414755],[ 0.3817876   1.91689563 -0.04550224],[0.64123911 2.48317075 0.43191084],[0.3917287  2.50109577 0.24017611],[0.64094979 2.56394529 0.4449541 ],[0.37916866 2.58485818 0.25340685],[ 0.63774049  2.65196466 -0.07921155],[ 0.4509356   2.67431355 -0.36304155]
[ 3.34946215e-01  5.25805950e-01 -2.08952748e-08],[0.34133995 0.47904128 0.01122348],[0.35934409 0.44073895 0.01201419],[0.37816048 0.42794222 0.0080127 ],[0.39550298 0.42405459 0.00406695],[0.36061859 0.40637156 0.00826903],[0.38264784 0.36280632 0.00490819],[0.3917315  0.3324047  0.00245932],[ 0.39612851  0.30578464 -0.00057261],[ 0.36961946  0.40870279 -0.00316875],[ 0.41128361  0.41006517 -0.010561  ],[ 0.41263866  0.43359059 -0.01193017],[ 0.40242746  0.44281602 -0.01192699],[ 0.38015875  0.42066619 -0.01377676],[ 0.41773966  0.42677951 -0.01741132],[ 0.41451856  0.44952744 -0.01208529],[ 0.40351817  0.45592171 -0.00880615],[ 0.39073446  0.4362514  -0.02434601],[ 0.41983312  0.44394639 -0.02238172],[ 0.41404831  0.46239337 -0.01515346],[ 0.40239024  0.46876249 -0.01037646],[0. 0. 0.],[0. 0. 0.],[0. 0. 0.],[0. 0. 0.],[0. 0. 0.],[0. 0. 0.],[0. 0. 0.],[0. 0. 0.],[0. 0. 0.],[0. 0. 0.],[0. 0. 0.],[0. 0. 0.],[0. 0. 0.],[0. 0. 0.],[0. 0. 0.],[0. 0. 0.],[0. 0. 0.],[0. 0. 0.],[0. 0. 0.],[0. 0. 0.],[0. 0. 0.],[0.41340232 0.28610277 0.00058772],[0.40159497 0.29490614 0.01858555],[ 0.42758548  0.28850213 -0.00997295],[ 0.42583871  0.31670535 -0.00582848],[ 0.44074303  0.29405409 -0.01609944],[4.15863842e-01 3.05160403e-01 3.02665256e-04],[ 0.43867522  0.32652783 -0.01418537],[0.40741453 0.31678596 0.01224195],[0.54961371 0.27968922 0.04175866],[0.55000287 0.2877866  0.06357877],[0.54450989 0.28253919 0.02398662],[0.54396927 0.30918697 0.02882256],[0.53840923 0.28850356 0.01157145],[0.54786903 0.29785681 0.03940667],[0.5388757  0.31891459 0.01461174],[0.54793376 0.30853093 0.05499434],[ 0.48929852  0.25918281 -0.61114907],[ 0.49739122  0.215471   -0.53853166],[ 0.50873095  0.21523735 -0.53811926],[ 0.51852536  0.21569021 -0.53806835],[ 0.46116477  0.21800007 -0.56084275],[ 0.44485745  0.22060235 -0.56060928],[ 0.42751282  0.22438431 -0.56090921],[ 0.51756525  0.23700088 -0.13852492],[ 0.38985437  0.24685147 -0.22849862],[ 0.50609338  0.32110706 -0.46897477],[ 0.4636499   0.32840592 -0.49436808],[0.63309419 0.5232116  0.06981692],[ 0.28532735  0.54591763 -0.25845119],[0.81994045 0.81793296 0.18416834],[ 0.17881785  0.89447242 -0.93823624],[0.99581558 1.11478937 0.06815884],[ 0.3624391   0.50906384 -1.62367284],[1.09206426 1.23900402 0.03556015],[ 0.40537891  0.41344842 -1.77773738],[ 1.06393313  1.24808311 -0.03700797],[ 0.403644    0.38093606 -1.71580446],[1.02296436 1.23090935 0.02365525],[ 0.39528996  0.41842559 -1.6200192 ],[0.63332021 1.2706275  0.00806304],[ 0.34651178  1.29240489 -0.0035691 ],[ 0.6463927   1.88799226 -0.0597535 ],[ 0.38363248  1.90944052 -0.04850284],[0.64097881 2.47686911 0.40846437],[0.39410755 2.49444437 0.24263   ],[0.63993013 2.55781579 0.4196403 ],[0.38153774 2.57722878 0.2569375 ],[ 0.63948697  2.64384294 -0.11081265],[ 0.45324779  2.66632199 -0.36734593]
[ 3.26865077e-01  5.17112851e-01 -2.19995311e-08],[0.35261172 0.48906121 0.00572057],[0.37202972 0.45795524 0.00450883],[ 0.38816026  0.44077873 -0.00060434],[ 0.40043738  0.42955339 -0.00514338],[0.36044779 0.40051663 0.00619173],[0.38553822 0.36710796 0.00125231],[ 0.39648411  0.33981803 -0.00303383],[ 0.40301034  0.31378627 -0.0073865 ],[ 0.36381152  0.40102419 -0.00312818],[ 0.41013366  0.41646975 -0.01302376],[ 0.40588206  0.44014505 -0.0155089 ],[ 0.39160004  0.44465432 -0.01595008],[ 0.3701385   0.41328329 -0.01229872],[ 0.41238797  0.43228826 -0.01884363],[ 0.40461853  0.45338055 -0.01450052],[ 0.39134198  0.45606226 -0.0112591 ],[ 0.3779732   0.42975339 -0.02184029],[ 0.41007859  0.44645116 -0.02209811],[ 0.40181866  0.46369103 -0.01599981],[ 0.38905874  0.46749565 -0.01178229],[0. 0. 0.],[0. 0. 0.],[0. 0. 0.],[0. 0. 0.],[0. 0. 0.],[0. 0. 0.],[0. 0. 0.],[0. 0. 0.],[0. 0. 0.],[0. 0. 0.],[0. 0. 0.],[0. 0. 0.],[0. 0. 0.],[0. 0. 0.],[0. 0. 0.],[0. 0. 0.],[0. 0. 0.],[0. 0. 0.],[0. 0. 0.],[0. 0. 0.],[0. 0. 0.],[0.41902345 0.280711   0.00054687],[0.4064998  0.28856751 0.01855352],[ 0.43308392  0.28456989 -0.00999108],[ 0.4293049   0.31289908 -0.00568507],[ 0.44589764  0.29142177 -0.01604048],[4.20100480e-01 3.00237387e-01 3.62170656e-04],[ 0.44156548  0.32403687 -0.01389577],[0.41077515 0.31127483 0.01235787],[0.55646896 0.29027045 0.04184016],[0.55662823 0.29887134 0.06361526],[0.55102336 0.29230359 0.02417255],[0.54891819 0.31929654 0.02913047],[0.54434502 0.29734844 0.0118197 ],[0.55362302 0.30842277 0.03959448],[0.54294109 0.32825702 0.0150553 ],[0.55329329 0.31959227 0.05515965],[ 0.50047004  0.2623778  -0.61507159],[ 0.51260936  0.22287948 -0.53780335],[ 0.52321392  0.22435914 -0.53742927],[ 0.53279936  0.22555348 -0.53733087],[ 0.47476131  0.22117132 -0.56511343],[ 0.45852512  0.22190508 -0.56484079],[ 0.44175848  0.22403602 -0.56519592],[ 0.52600086  0.24309276 -0.12382554],[ 0.40084195  0.24690096 -0.23918876],[ 0.51340938  0.32504559 -0.46832472],[ 0.47075352  0.32819313 -0.50143707],[0.63555062 0.52214837 0.08235957],[ 0.28618258  0.54416013 -0.26859352],[0.82389593 0.82359302 0.18326919],[ 0.16782874  0.88192558 -0.96613252],[0.99401093 1.12799978 0.02972169],[ 0.35090858  0.51077157 -1.65284824],[ 1.09570909  1.24256015 -0.00913066],[ 0.39766741  0.41553745 -1.80778158],[ 1.06850755  1.25043869 -0.08505008],[ 0.3987301   0.38817176 -1.74560964],[ 1.02706134  1.23467743 -0.01794753],[ 0.38979787  0.42499477 -1.64864099],[0.63623893 1.27098083 0.01142813],[ 0.34823522  1.29221392 -0.00696807],[ 0.6434167   1.88176918 -0.05041113],[ 0.38122916  1.89982843 -0.08489621],[0.63138056 2.4679625  0.4123807 ],[0.38311344 2.47610497 0.1901942 ],[0.62906718 2.54947567 0.42283598],[0.36928838 2.55701947 0.20316008],[ 0.6259945   2.63270187 -0.10654168],[ 0.43583035  2.64533877 -0.42111874]
[3.09531599e-01 4.99663532e-01 4.35200187e-09],[0.33916733 0.4788146  0.00228333],[ 0.35875058  0.45119977 -0.00061243],[ 0.37284389  0.43515414 -0.0068518 ],[ 0.38260818  0.42271301 -0.01235332],[0.33930781 0.37991053 0.00374443],[ 0.37009799  0.35413396 -0.00306839],[ 0.38315523  0.33093685 -0.00895415],[ 0.39103687  0.30681497 -0.01448685],[ 0.33958137  0.37874615 -0.00451854],[ 0.38983345  0.39624229 -0.01677175],[ 0.38479602  0.42152002 -0.02052916],[ 0.37003624  0.42618328 -0.02171215],[ 0.34398496  0.38946304 -0.01305982],[ 0.39051619  0.40928864 -0.02206793],[ 0.38155195  0.43186313 -0.01899582],[ 0.36765352  0.43393171 -0.01627734],[ 0.35141963  0.40621048 -0.02217671],[ 0.38567159  0.42343715 -0.02462189],[ 0.37697014  0.44172084 -0.0199823 ],[ 0.3639932   0.44510412 -0.01664535],[0. 0. 0.],[0. 0. 0.],[0. 0. 0.],[0. 0. 0.],[0. 0. 0.],[0. 0. 0.],[0. 0. 0.],[0. 0. 0.],[0. 0. 0.],[0. 0. 0.],[0. 0. 0.],[0. 0. 0.],[0. 0. 0.],[0. 0. 0.],[0. 0. 0.],[0. 0. 0.],[0. 0. 0.],[0. 0. 0.],[0. 0. 0.],[0. 0. 0.],[0. 0. 0.],[0.40874887 0.28188699 0.00643052],[0.39726263 0.28919238 0.02549801],[ 0.42200759  0.28636199 -0.00519697],[ 0.41791162  0.31455025 -0.00058868],[ 0.43413362  0.293953   -0.01235953],[0.40944788 0.30146626 0.00611447],[ 0.42943344  0.32647118 -0.00991972],[0.40074718 0.31200776 0.01892271],[0.55190337 0.29780319 0.03820487],[0.55325925 0.30652994 0.06019764],[0.54526705 0.29965487 0.02101931],[0.54290617 0.32704529 0.02609545],[0.53755683 0.30464214 0.00901811],[0.54864901 0.3161909  0.03627281],[0.53568268 0.3360585  0.01222131],[0.54915738 0.32747114 0.0519281 ],[ 0.48805276  0.26365989 -0.60437596],[ 0.50550449  0.22293891 -0.53472251],[ 0.51835024  0.22412315 -0.53430587],[ 0.52967453  0.22547968 -0.53427953],[ 0.46701559  0.22188991 -0.55103934],[ 0.45172516  0.22284126 -0.55075395],[ 0.43488234  0.22541414 -0.55105311],[ 0.5298053   0.24470071 -0.14608088],[ 0.39975193  0.24818739 -0.20195487],[ 0.50589895  0.32925227 -0.46484548],[ 0.46080509  0.33144614 -0.48291063],[0.63847566 0.52491832 0.06432743],[ 0.28993922  0.53921956 -0.21272126],[0.82634705 0.83558941 0.16233929],[ 0.17058778  0.88080424 -0.88533878],[0.9921937  1.11891782 0.01230106],[ 0.3374348   0.48998612 -1.59642291],[ 1.09486854  1.24043226 -0.02917074],[ 0.37403747  0.3872706  -1.75529599],[ 1.06851625  1.24595761 -0.10502752],[ 0.37363052  0.35616693 -1.6956898 ],[ 1.02716458  1.22972465 -0.03458016],[ 0.3701753   0.39595798 -1.59478354],[0.62951612 1.27826524 0.00920985],[ 0.34652561  1.29246163 -0.00491884],[ 0.63540262  1.88622165 -0.02860309],[ 0.37749225  1.90023828 -0.06011038],[0.62543523 2.46883106 0.42946535],[0.37618139 2.48003244 0.18779722],[0.62535542 2.54842091 0.44126081],[0.36100417 2.5620265  0.19843939],[ 0.61305207  2.63606763 -0.07130054],[ 0.43119106  2.65238523 -0.40569434]
[ 3.19291502e-01  5.09465933e-01 -2.57695927e-08],[0.33573917 0.47546038 0.00543818],[0.35308293 0.43885902 0.0038247 ],[ 0.37066367  0.42064109 -0.00151178],[ 0.38530603  0.41010568 -0.00611813],[0.33975476 0.38513497 0.00506555],[ 3.64429057e-01  3.47055554e-01 -2.14191459e-04],[ 0.37212923  0.31848419 -0.00458924],[ 0.37487862  0.29226983 -0.00902364],[ 0.34496355  0.38674214 -0.00442855],[ 0.39338496  0.39125863 -0.01476224],[ 0.39072907  0.41441637 -0.01737023],[ 0.376183    0.42250955 -0.01796945],[ 0.35349199  0.39875114 -0.01376456],[ 0.39737299  0.40666965 -0.01991781],[ 0.3914879   0.42786515 -0.01511627],[ 0.3787711   0.43297252 -0.01196871],[ 0.36346027  0.41533756 -0.02360797],[ 0.39701974  0.42450997 -0.02356776],[ 0.39013374  0.44253609 -0.01730283],[ 0.37799338  0.44879791 -0.01321765],[0. 0. 0.],[0. 0. 0.],[0. 0. 0.],[0. 0. 0.],[0. 0. 0.],[0. 0. 0.],[0. 0. 0.],[0. 0. 0.],[0. 0. 0.],[0. 0. 0.],[0. 0. 0.],[0. 0. 0.],[0. 0. 0.],[0. 0. 0.],[0. 0. 0.],[0. 0. 0.],[0. 0. 0.],[0. 0. 0.],[0. 0. 0.],[0. 0. 0.],[0. 0. 0.],[0.38046831 0.29671788 0.02871078],[0.37411031 0.30162174 0.05235074],[0.39050698 0.30236295 0.01277397],[0.38956177 0.32853544 0.02192028],[0.40058649 0.31045523 0.00329602],[0.38246611 0.31531492 0.02986706],[0.39912614 0.34056598 0.01036581],[0.37791646 0.32380036 0.04698446],[0.52996695 0.30417338 0.02454064],[0.53708565 0.30991358 0.04794506],[0.51907027 0.3088156  0.0091418 ],[0.51940024 0.33555612 0.01835664],[5.08131087e-01 3.15929055e-01 3.06963251e-04],[0.52728236 0.32290402 0.02589753],[0.50899661 0.34668583 0.00725278],[0.5322718  0.33203107 0.04292543],[ 0.45899072  0.27867931 -0.61722118],[ 0.48034182  0.23433779 -0.55325449],[ 0.49198928  0.23421124 -0.55283123],[ 0.50581348  0.23449846 -0.55279821],[ 0.4366529   0.23623961 -0.55809098],[ 0.42045674  0.23794127 -0.55782443],[ 0.40467453  0.24010856 -0.55812585],[ 0.52527165  0.25202107 -0.17414978],[ 0.38462716  0.25632721 -0.18688139],[ 0.48698482  0.34193951 -0.48326176],[ 0.43477798  0.35110417 -0.48599553],[0.63906813 0.53348219 0.04314906],[ 0.29180983  0.54321247 -0.1848806 ],[0.83257532 0.84827209 0.14758468],[ 0.17798485  0.89145005 -0.84706295],[0.99094331 1.12977135 0.02494   ],[ 0.33298287  0.50001568 -1.5829742 ],[ 1.09168267  1.25217569 -0.01209786],[ 0.36513069  0.39779291 -1.75070286],[ 1.06859255  1.25343764 -0.09140635],[ 0.3645688   0.36906618 -1.68985152],[ 1.02772486  1.23561072 -0.02255967],[ 0.36307687  0.40664366 -1.58442366],[6.28614306e-01 1.28014696e+00 1.22241932e-03],[0.34795153 1.28925931 0.00278692],[ 0.63516933  1.88634109 -0.04346822],[ 0.37543935  1.89480841 -0.02249464],[0.62905294 2.46133208 0.39976472],[0.37741318 2.47447324 0.25114524],[0.63167107 2.53733706 0.40936646],[0.36380249 2.55427694 0.26471955],[ 0.61289823  2.63204193 -0.11853473],[ 0.4326753   2.6504283  -0.34100601]
[ 3.20528150e-01  5.22231698e-01 -1.24625323e-08],[0.32523352 0.47394526 0.00853053],[0.34189969 0.43324095 0.00828918],[0.36188951 0.41880298 0.0039532 ],[ 3.80553484e-01  4.14218664e-01 -4.96550419e-05],[0.343124   0.39600056 0.00561285],[0.36907697 0.35677129 0.0014221 ],[ 0.3780944   0.32775775 -0.00126317],[ 0.38197103  0.30204448 -0.00433555],[ 0.35175088  0.39928031 -0.00475592],[ 0.398772    0.40358579 -0.013163  ],[ 0.39826748  0.42798856 -0.01414226],[ 0.3864654   0.43689439 -0.0135696 ],[ 0.36246073  0.41221985 -0.01457762],[ 0.40388149  0.42126471 -0.01898061],[ 0.39917001  0.4435409  -0.01344206],[ 0.38758874  0.44912425 -0.00975176],[ 0.37308818  0.42927641 -0.02461701],[ 0.40410084  0.43883136 -0.02309668],[ 0.3975974   0.45682514 -0.01609306],[ 0.38589123  0.4630467  -0.01135344],[0. 0. 0.],[0. 0. 0.],[0. 0. 0.],[0. 0. 0.],[0. 0. 0.],[0. 0. 0.],[0. 0. 0.],[0. 0. 0.],[0. 0. 0.],[0. 0. 0.],[0. 0. 0.],[0. 0. 0.],[0. 0. 0.],[0. 0. 0.],[0. 0. 0.],[0. 0. 0.],[0. 0. 0.],[0. 0. 0.],[0. 0. 0.],[0. 0. 0.],[0. 0. 0.],[0.37337855 0.287301   0.03500441],[0.36989129 0.29317653 0.05842454],[0.38127047 0.29215354 0.01806282],[0.38122472 0.31838256 0.02589472],[0.38971472 0.29954666 0.00715082],[0.37542394 0.30566069 0.03492905],[0.38888225 0.32987243 0.0130045 ],[0.3730163  0.31482697 0.05182642],[0.51873904 0.29798254 0.01535028],[0.52754158 0.30501738 0.03689867],[0.50650162 0.30152851 0.00169994],[0.50706738 0.32899341 0.00927314],[ 0.49447769  0.30769619 -0.006092  ],[0.51592284 0.31682208 0.01620422],[ 0.49547508  0.33947188 -0.00084183],[0.52209383 0.32702678 0.03160366],[ 0.43850812  0.27324218 -0.62879562],[ 0.46566325  0.22555858 -0.56345588],[ 0.4811728   0.22577038 -0.56303644],[ 0.49257487  0.22700348 -0.56290877],[ 0.42101568  0.228476   -0.56440127],[ 0.40618402  0.22996801 -0.56411791],[ 0.39431882  0.23247291 -0.56443036],[ 0.52068585  0.24866876 -0.18568346],[ 0.37883919  0.25238708 -0.17771675],[ 0.47161236  0.33720616 -0.4979859 ],[ 0.41728002  0.34477443 -0.49555421],[0.63472867 0.53315669 0.02410938],[ 0.2903567   0.54472029 -0.17031415],[0.82864571 0.84278995 0.12693727],[ 0.18153602  0.90019935 -0.80219251],[0.97763872 1.11784852 0.00130712],[ 0.33319741  0.51698577 -1.53362703],[ 1.0782702   1.23850501 -0.03908474],[ 0.36270335  0.41644445 -1.7020582 ],[ 1.05676818  1.23917985 -0.11787675],[ 0.36229211  0.38955709 -1.64076591],[ 1.01740718  1.22090602 -0.04650246],[ 0.36163518  0.42634326 -1.53525853],[ 0.62404269  1.26468825 -0.00346682],[0.3460111 1.2757833 0.0075429],[ 0.63238257  1.86444211 -0.05849697],[ 0.37126783  1.87209368 -0.0222351 ],[0.62751067 2.43538189 0.3789556 ],[0.37376696 2.44383216 0.22952685],[0.63272846 2.51013446 0.3874087 ],[0.36059618 2.5217216  0.24010265],[ 0.60524464  2.60562491 -0.14665696],[ 0.42703018  2.61737156 -0.36528546]
[ 3.22598755e-01  5.27330875e-01 -1.30046773e-08],[0.32811898 0.47762647 0.01043822],[0.34633997 0.43642047 0.01101012],[0.36713922 0.4225685  0.0070878 ],[0.38592225 0.41856062 0.00318386],[0.34740159 0.40079513 0.00719053],[0.37416166 0.36023158 0.00386035],[0.38416183 0.33190662 0.00190847],[ 0.38913473  0.30686498 -0.00055247],[ 0.35589322  0.40449709 -0.00371967],[ 0.40445763  0.40927801 -0.01115164],[ 0.4031871   0.43419096 -0.0117727 ],[ 0.39071253  0.44204608 -0.01094534],[ 0.36654967  0.41812718 -0.01386213],[ 0.40960437  0.42844316 -0.01754984],[ 0.40415609  0.4513146  -0.01195138],[ 0.39209178  0.4557969  -0.0082456 ],[ 0.37691605  0.43552199 -0.02395954],[ 0.40999284  0.44562119 -0.02160656],[ 0.40308312  0.46436682 -0.01403159],[ 0.3908616   0.47009522 -0.00893015],[0. 0. 0.],[0. 0. 0.],[0. 0. 0.],[0. 0. 0.],[0. 0. 0.],[0. 0. 0.],[0. 0. 0.],[0. 0. 0.],[0. 0. 0.],[0. 0. 0.],[0. 0. 0.],[0. 0. 0.],[0. 0. 0.],[0. 0. 0.],[0. 0. 0.],[0. 0. 0.],[0. 0. 0.],[0. 0. 0.],[0. 0. 0.],[0. 0. 0.],[0. 0. 0.],[0.37485957 0.28114724 0.03924413],[0.3728452  0.28718507 0.06272876],[0.38154966 0.2859807  0.02179413],[0.38189444 0.31202629 0.02958788],[0.38908726 0.29336944 0.01029703],[0.3768357  0.29938674 0.03897033],[0.38855785 0.32344735 0.01625053],[0.37549368 0.3085992  0.05598438],[0.51823699 0.2959218  0.01075659],[0.52805513 0.30355209 0.03157869],[ 0.50519252  0.29890552 -0.0019764 ],[0.50602472 0.32657567 0.00542644],[ 0.49255642  0.30455738 -0.00901548],[0.51544714 0.31474721 0.01179079],[ 0.493743    0.3365508  -0.00389767],[0.52234864 0.32544294 0.02665379],[ 0.43878087  0.27173266 -0.60970682],[ 0.46804923  0.22378939 -0.54776412],[ 0.48255777  0.22435141 -0.54736042],[ 0.49505806  0.22585708 -0.54727119],[ 0.42322588  0.22612567 -0.54933679],[ 0.40830129  0.22730884 -0.54906356],[ 0.39596838  0.22929828 -0.54937446],[ 0.5216288   0.247291   -0.17959195],[ 0.38217652  0.24867557 -0.17353329],[ 0.471903    0.33531609 -0.48226324],[ 0.41734844  0.33987504 -0.48077735],[0.6348359  0.528157   0.01991291],[ 0.29243508  0.54057974 -0.15781808],[0.82850933 0.83493882 0.11698864],[ 0.18048674  0.89925724 -0.76817322],[ 0.98295766  1.1158483  -0.01164729],[ 0.33494347  0.521393   -1.48088789],[ 1.07995796  1.23626316 -0.05371026],[ 0.36374432  0.42304021 -1.64425564],[ 1.05863035  1.23865747 -0.13334143],[ 0.36315721  0.39865938 -1.58175588],[ 1.0188067   1.22057736 -0.05935109],[ 0.36259437  0.43238002 -1.48118234],[ 0.62288201  1.25685251 -0.00330665],[0.34624594 1.26492262 0.0074375 ],[ 0.63144428  1.85562193 -0.05104167],[ 0.37138018  1.86229062 -0.01647108],[0.6247803  2.42399144 0.38832572],[0.37368396 2.43057156 0.24101874],[0.62965256 2.49845958 0.39800268],[0.36040282 2.5074935  0.25271794],[ 0.60216141  2.59273243 -0.12446203],[ 0.42631572  2.60420728 -0.34004575]
[3.27758521e-01 5.31724095e-01 6.40253628e-10],[0.33372685 0.48253849 0.01031844],[0.35169083 0.44326887 0.0106    ],[0.37167463 0.42919868 0.00649521],[0.39018604 0.42583179 0.00242274],[0.35470462 0.41024414 0.0058263 ],[0.38159347 0.37126148 0.00241122],[0.39309868 0.34282011 0.00054517],[ 0.40021223  0.3175956  -0.00197656],[ 0.36220032  0.41388008 -0.00497626],[ 0.40856123  0.41861662 -0.0120088 ],[ 0.40786761  0.44250023 -0.01192896],[ 0.39662957  0.45079464 -0.01089771],[ 0.37159786  0.42775843 -0.01495265],[ 0.41322997  0.43775296 -0.01819529],[ 0.40865156  0.45900321 -0.01198844],[ 0.39722943  0.46406272 -0.00811465],[ 0.38090143  0.44552231 -0.02495048],[ 0.41358194  0.45474663 -0.02247956],[ 0.40751114  0.47179741 -0.01492596],[ 0.39571869  0.47740233 -0.00998076],[0. 0. 0.],[0. 0. 0.],[0. 0. 0.],[0. 0. 0.],[0. 0. 0.],[0. 0. 0.],[0. 0. 0.],[0. 0. 0.],[0. 0. 0.],[0. 0. 0.],[0. 0. 0.],[0. 0. 0.],[0. 0. 0.],[0. 0. 0.],[0. 0. 0.],[0. 0. 0.],[0. 0. 0.],[0. 0. 0.],[0. 0. 0.],[0. 0. 0.],[0. 0. 0.],[0.38191959 0.28324461 0.03296298],[0.37761039 0.28892377 0.05653756],[0.39032733 0.28839609 0.01625362],[0.38966486 0.31433159 0.02444144],[0.39907995 0.29613799 0.00565713],[0.38370645 0.30150405 0.03322258],[0.39771694 0.32609963 0.01188354],[0.38064486 0.31043351 0.0502632 ],[0.52847123 0.29926565 0.01892053],[0.5360353  0.30632818 0.04116455],[0.51690125 0.30248296 0.00460565],[0.51669502 0.32957309 0.01260309],[ 0.50525033  0.30828097 -0.00375119],[0.52532142 0.31777561 0.01987565],[0.50543153 0.33961847 0.00194121],[0.53049505 0.32785147 0.03586127],[ 0.44548613  0.26712447 -0.62017369],[ 0.47194248  0.22023362 -0.55434382],[ 0.48492938  0.22118548 -0.55390424],[ 0.49849802  0.22303697 -0.5537923 ],[ 0.42737603  0.22119504 -0.56053942],[ 0.41230518  0.22187304 -0.56032437],[ 0.39852905  0.22347204 -0.56061244],[ 0.52203709  0.24556354 -0.17458886],[ 0.38363892  0.24480268 -0.18874426],[ 0.47611594  0.33036664 -0.48681441],[ 0.4211095   0.33289874 -0.49123853],[0.6323939  0.5262326  0.03168164],[ 0.29120889  0.5440852  -0.18003237],[0.82721978 0.83043253 0.13508156],[ 0.17939654  0.89928591 -0.80461514],[ 0.98131239  1.12853277 -0.0068101 ],[ 0.34277129  0.52150673 -1.49628568],[ 1.07774949  1.24390817 -0.04838956],[ 0.37688464  0.42450997 -1.6559813 ],[ 1.05576921  1.24656832 -0.12740907],[ 0.37728626  0.40168503 -1.59219813],[ 1.01649785  1.22669792 -0.0545755 ],[ 0.37381846  0.43495342 -1.49385381],[ 0.62260824  1.25907922 -0.0033035 ],[0.34538549 1.27097166 0.00731367],[ 0.63328421  1.85637474 -0.03607514],[ 0.37238264  1.86498821 -0.02701253],[0.62980831 2.42192459 0.41968226],[0.38001123 2.4273572  0.22840354],[0.634929   2.49770617 0.43119305],[0.36756614 2.50447845 0.23993853],[ 0.6107381   2.59058094 -0.09228399],[ 0.43616495  2.60205936 -0.35790369]
[3.27676356e-01 5.39529324e-01 4.63188332e-09],[0.33394507 0.49139154 0.00890745],[0.35110724 0.45258135 0.00878761],[0.37138388 0.43923417 0.00440504],[3.90680075e-01 4.37480837e-01 3.09356576e-04],[0.35249794 0.41781548 0.00749093],[0.37945753 0.3806352  0.00401696],[0.39069715 0.35230839 0.00155786],[ 0.39682859  0.32666805 -0.00162268],[ 0.36089468  0.42048782 -0.00293698],[ 0.4066579   0.42492935 -0.01072242],[ 0.40645292  0.44850883 -0.01181102],[ 0.39498124  0.45577136 -0.01139914],[ 0.37135556  0.43352199 -0.01281054],[ 0.41231567  0.44300228 -0.01679689],[ 0.40804109  0.46435785 -0.01146222],[ 0.3962861   0.46815071 -0.00795604],[ 0.38178325  0.45092884 -0.02287502],[ 0.41341481  0.46122542 -0.02104376],[ 0.40693885  0.47820368 -0.01415326],[ 0.39476299  0.482714   -0.00959292],[0. 0. 0.],[0. 0. 0.],[0. 0. 0.],[0. 0. 0.],[0. 0. 0.],[0. 0. 0.],[0. 0. 0.],[0. 0. 0.],[0. 0. 0.],[0. 0. 0.],[0. 0. 0.],[0. 0. 0.],[0. 0. 0.],[0. 0. 0.],[0. 0. 0.],[0. 0. 0.],[0. 0. 0.],[0. 0. 0.],[0. 0. 0.],[0. 0. 0.],[0. 0. 0.],[0.40080443 0.29081741 0.01867665],[0.39206088 0.29624301 0.04079917],[0.41210541 0.29655895 0.00444196],[0.40898842 0.32373977 0.0119924 ],[ 0.42280653  0.30498123 -0.00408608],[0.40175033 0.31005526 0.01938538],[0.4189716  0.33637589 0.00133027],[0.39519298 0.31902811 0.03501938],[0.54604447 0.30627999 0.03231115],[0.54964477 0.31298244 0.05568199],[0.53735477 0.30983546 0.01567823],[0.53540224 0.3365981  0.02347888],[0.52801663 0.31591898 0.00517345],[0.5424273  0.32472551 0.03233727],[0.52648908 0.34686953 0.01085278],[0.54457557 0.33444977 0.04931071],[ 0.47746342  0.27120247 -0.62673128],[ 0.49563438  0.22878581 -0.55848777],[ 0.51003098  0.22978632 -0.55804789],[ 0.52342564  0.23116626 -0.55792606],[ 0.45602402  0.22622299 -0.57104152],[ 0.43909612  0.22630726 -0.57083309],[ 0.42301345  0.2273815  -0.5711323 ],[ 0.53495413  0.2507959  -0.16632858],[ 0.39335814  0.24997111 -0.21286181],[ 0.49910536  0.33522412 -0.48808289],[ 0.44898826  0.3368305  -0.50132602],[0.63837552 0.52719659 0.05017952],[ 0.28805909  0.54730356 -0.20964155],[0.82454425 0.83399081 0.1838132 ],[ 0.17713508  0.90186387 -0.86217517],[0.98291254 1.10774112 0.07099809],[ 0.34846407  0.52313954 -1.56565583],[1.08397841 1.2349354  0.0366879 ],[ 0.39088354  0.43015289 -1.71803308],[ 1.06398189  1.23814428 -0.03571613],[ 0.39068645  0.40335229 -1.65485358],[1.02412772 1.21974242 0.02441529],[ 0.38352582  0.43690369 -1.5604707 ],[0.63001263 1.26506376 0.00857904],[ 0.34885204  1.27908921 -0.00466264],[ 0.6440841   1.86094868 -0.03507731],[ 0.38296261  1.87589276 -0.00920515],[0.641554   2.4276576  0.42337465],[0.39473876 2.4404974  0.28767937],[0.64248556 2.50440979 0.43627667],[0.3804279  2.51963305 0.30400246],[ 0.63361388  2.59688139 -0.08045518],[ 0.45499372  2.61444855 -0.29657787]
[ 3.27823758e-01  5.41882753e-01 -1.65866716e-08],[0.33402634 0.49370289 0.0100753 ],[0.34958437 0.45449919 0.00975185],[0.36793748 0.44036144 0.00468036],[ 3.85158628e-01  4.36324418e-01 -2.81613786e-04],[0.34941319 0.41850019 0.0073841 ],[0.37252048 0.37712282 0.00326054],[3.81526947e-01 3.46771538e-01 3.32728669e-04],[ 0.38570213  0.3200568  -0.00299671],[ 0.35741284  0.4202854  -0.00392982],[ 0.40248829  0.42112535 -0.01207322],[ 0.4016518   0.44461161 -0.01333707],[ 0.38851705  0.45291737 -0.01302823],[ 0.36820433  0.432464   -0.01455081],[ 0.40991187  0.4383851  -0.01843826],[ 0.4056012   0.46083593 -0.01246786],[ 0.39305061  0.4665297  -0.0086328 ],[ 0.37949187  0.44940564 -0.02533682],[ 0.41285363  0.45723766 -0.02312753],[ 0.40651485  0.47540072 -0.01549049],[ 0.39387882  0.48157328 -0.01043025],[0. 0. 0.],[0. 0. 0.],[0. 0. 0.],[0. 0. 0.],[0. 0. 0.],[0. 0. 0.],[0. 0. 0.],[0. 0. 0.],[0. 0. 0.],[0. 0. 0.],[0. 0. 0.],[0. 0. 0.],[0. 0. 0.],[0. 0. 0.],[0. 0. 0.],[0. 0. 0.],[0. 0. 0.],[0. 0. 0.],[0. 0. 0.],[0. 0. 0.],[0. 0. 0.],[0.40378898 0.29319397 0.01622357],[0.39422518 0.29815885 0.03845254],[0.41583669 0.29933229 0.00242594],[0.4125087  0.32642102 0.01062742],[ 0.42725751  0.30797952 -0.00554525],[0.40472421 0.31250271 0.01750866],[0.42320615 0.33935711 0.00055794],[0.39751247 0.32116228 0.03334375],[0.55100799 0.30860892 0.03613086],[0.55400145 0.31490457 0.06020378],[0.54270816 0.31244156 0.01883446],[0.54036599 0.3388893  0.02739544],[0.5335986  0.31865728 0.0078728 ],[0.5472458  0.32693225 0.03641102],[0.53172427 0.34927031 0.01445614],[0.54886454 0.3363378  0.05408433],[ 0.48157492  0.27170652 -0.62075251],[ 0.50070411  0.23030153 -0.55187768],[ 0.51489699  0.23140873 -0.55149424],[ 0.52736461  0.2330555  -0.55137736],[ 0.46088934  0.22743265 -0.56531644],[ 0.44455725  0.22729588 -0.56517255],[ 0.4278411   0.22838435 -0.56551838],[ 0.53914899  0.25191775 -0.15899661],[ 0.39898717  0.25081307 -0.20978904],[ 0.50260508  0.33637646 -0.48173428],[ 0.45368496  0.33693716 -0.49624863],[0.63933003 0.52706981 0.0567733 ],[ 0.28992411  0.54546291 -0.20630738],[0.82404816 0.83113861 0.18540946],[ 0.17703284  0.90185529 -0.86798191],[0.9828949  1.10162151 0.04946604],[ 0.34867957  0.52302444 -1.5967226 ],[1.08326852 1.21736848 0.01541375],[ 0.39001948  0.42993295 -1.75322056],[ 1.0641427   1.21926296 -0.05974949],[ 0.38917893  0.40235916 -1.69206357],[1.02448881 1.20294273 0.00405579],[ 0.38278887  0.43628687 -1.59285069],[0.63405263 1.25987184 0.00866468],[ 0.35437045  1.27485526 -0.00482899],[ 0.64892513  1.85512507 -0.03381683],[ 0.38881198  1.87210321 -0.0270345 ],[0.64964068 2.42224431 0.43129143],[0.40447074 2.43713427 0.25496194],[0.65140903 2.49828172 0.44454008],[0.39121321 2.51490068 0.27002048],[ 0.64206159  2.59080267 -0.06962895],[ 0.46536246  2.61030555 -0.33222762]
[ 3.30681980e-01  5.40090024e-01 -1.48196644e-09],[0.33699512 0.49196035 0.00887556],[0.35445619 0.45101672 0.00821546],[0.37385312 0.43481883 0.00317758],[ 0.39135131  0.42955196 -0.00145071],[0.35388789 0.41677999 0.00559445],[0.37793913 0.37325895 0.00049573],[ 0.38697013  0.34207144 -0.0026984 ],[ 0.3914361   0.31457043 -0.00611497],[ 0.36198795  0.42042255 -0.00522469],[ 0.40671641  0.41827634 -0.01405825],[ 0.40707237  0.44099933 -0.01502339],[ 0.39630985  0.44960022 -0.01453996],[ 0.37242344  0.43367061 -0.0155228 ],[ 0.41327512  0.43711561 -0.01985983],[ 0.40959543  0.45791441 -0.01354135],[ 0.39828616  0.46321249 -0.00959295],[ 0.38347557  0.4510282  -0.02613209],[ 0.41584396  0.45729154 -0.02414683],[ 0.40967304  0.4743126  -0.01669241],[ 0.3977479   0.47950608 -0.01195146],[0. 0. 0.],[0. 0. 0.],[0. 0. 0.],[0. 0. 0.],[0. 0. 0.],[0. 0. 0.],[0. 0. 0.],[0. 0. 0.],[0. 0. 0.],[0. 0. 0.],[0. 0. 0.],[0. 0. 0.],[0. 0. 0.],[0. 0. 0.],[0. 0. 0.],[0. 0. 0.],[0. 0. 0.],[0. 0. 0.],[0. 0. 0.],[0. 0. 0.],[0. 0. 0.],[0.39928055 0.30568066 0.02399042],[0.39175811 0.30903238 0.04751564],[0.4100346  0.3126936  0.00894095],[0.40821415 0.33841944 0.0189759 ],[4.20389712e-01 3.21931243e-01 2.88840063e-04],[0.40095901 0.32429457 0.02601805],[0.41787192 0.35168976 0.00834415],[0.39550698 0.33154184 0.04321773],[0.54652327 0.31910914 0.03136066],[0.55129284 0.32350492 0.05560915],[0.5369513  0.32434139 0.01506914],[0.53565186 0.34986657 0.02525808],[0.52703398 0.33167151 0.00537342],[0.54304111 0.33718342 0.03309893],[0.52631909 0.3613098  0.01358747],[0.54610825 0.34508121 0.05105585],[ 0.48319688  0.28763992 -0.61632067],[ 0.50200808  0.243733   -0.5482651 ],[ 0.51601905  0.24470116 -0.54789537],[ 0.52863789  0.24555817 -0.54783893],[ 0.46205878  0.24066177 -0.56299603],[ 0.44567046  0.23995782 -0.56280947],[ 0.42888412  0.23921393 -0.5631364 ],[ 0.53867918  0.26283261 -0.15385407],[ 0.39724615  0.25706714 -0.2107902 ],[ 0.50310957  0.35091209 -0.47591877],[ 0.45245314  0.35221004 -0.49238977],[0.63670695 0.52741379 0.05892107],[ 0.28550357  0.54946649 -0.2064883 ],[0.82460833 0.8257724  0.19117723],[ 0.17611805  0.90371269 -0.87182283],[0.98034954 1.10388947 0.07042347],[ 0.34954748  0.52621865 -1.58304763],[1.07993317 1.23095107 0.0402714 ],[ 0.38919535  0.43040475 -1.73549652],[ 1.05978143  1.23345149 -0.03551243],[ 0.38861644  0.40300882 -1.67629838],[1.02057648 1.21555591 0.0257581 ],[ 0.38167456  0.43713266 -1.57984269],[0.63333988 1.26628697 0.00671614],[ 0.35471168  1.28231275 -0.0029308 ],[ 0.64902973  1.86016631 -0.0427036 ],[ 0.38898239  1.87899935 -0.02879529],[0.64972663 2.42617321 0.40237302],[0.40415081 2.44188619 0.23448947],[0.65041429 2.50264406 0.41332388],[0.39088541 2.519135   0.2469959 ],[ 0.6445325   2.59516811 -0.10070197],[ 0.46554929  2.61585736 -0.35175973]
[ 3.26139927e-01  5.38169384e-01 -3.84065295e-08],[0.32871467 0.48582157 0.008401  ],[0.34395099 0.44191378 0.00724033],[0.36366448 0.42525122 0.00192491],[ 0.38219807  0.42015904 -0.00313351],[0.3446463  0.40729761 0.0033948 ],[ 0.36677861  0.36000583 -0.00204313],[ 0.37263805  0.32755977 -0.00517032],[ 0.37377951  0.29987282 -0.00840451],[ 0.35509253  0.41269335 -0.00723469],[ 0.39919171  0.41143233 -0.0157105 ],[ 0.39822802  0.43481672 -0.01626457],[ 0.38663551  0.44258472 -0.01571431],[ 0.36799183  0.4281517  -0.01723941],[ 0.40703356  0.43306836 -0.02089345],[ 0.40204853  0.45290065 -0.01401329],[ 0.39017138  0.45662564 -0.01011294],[ 0.38033441  0.44715369 -0.02759262],[ 0.41032004  0.45328495 -0.02537659],[ 0.40352321  0.47008818 -0.0172904 ],[ 0.39164576  0.47436208 -0.01203179],[0. 0. 0.],[0. 0. 0.],[0. 0. 0.],[0. 0. 0.],[0. 0. 0.],[0. 0. 0.],[0. 0. 0.],[0. 0. 0.],[0. 0. 0.],[0. 0. 0.],[0. 0. 0.],[0. 0. 0.],[0. 0. 0.],[0. 0. 0.],[0. 0. 0.],[0. 0. 0.],[0. 0. 0.],[0. 0. 0.],[0. 0. 0.],[0. 0. 0.],[0. 0. 0.],[0.37147897 0.32051051 0.03697506],[0.36780533 0.32418466 0.06203563],[0.38036823 0.3263914  0.01973629],[0.38250533 0.35138246 0.03083077],[0.38976043 0.33426028 0.00942565],[0.37528345 0.33837298 0.03897517],[0.39150044 0.36322331 0.01865964],[0.37314048 0.34567583 0.05768325],[0.52010751 0.31399027 0.01979688],[0.5291304  0.31705111 0.04318544],[0.5081538  0.32112956 0.00556717],[0.5105229  0.34716752 0.01637051],[ 0.49660942  0.33023658 -0.00204752],[0.51844239 0.33290797 0.02266949],[0.49983361 0.36038873 0.00659106],[0.52520818 0.33999717 0.04000458],[ 0.44116622  0.28928345 -0.63653749],[ 0.46487728  0.24062614 -0.57350814],[ 0.48097068  0.23950666 -0.57303405],[ 0.49147773  0.23941837 -0.57287872],[ 0.41967902  0.24583061 -0.57733852],[ 0.40474167  0.24790764 -0.57702601],[ 0.39231426  0.24987647 -0.57723987],[ 0.51579446  0.25980163 -0.19985703],[ 0.37294403  0.2675598  -0.20216122],[ 0.47602558  0.3507157  -0.50607473],[ 0.42002431  0.35952654 -0.50636113],[0.62991935 0.53439212 0.01452501],[ 0.28272957  0.55810553 -0.19948341],[0.83064097 0.83602613 0.12142561],[ 0.1790342   0.90465409 -0.81941164],[ 1.0139631   1.17679989 -0.00437827],[ 0.34106323  0.52611917 -1.51007318],[ 1.07999671  1.2643832  -0.04317541],[ 0.36635309  0.42614838 -1.67285919],[ 1.05473697  1.26870775 -0.11852048],[ 0.36499268  0.39923158 -1.6099993 ],[ 1.01516914  1.24928486 -0.05078526],[ 0.36552343  0.43436906 -1.51060057],[ 0.62420636  1.28688264 -0.00237599],[0.34214228 1.30137634 0.00684691],[ 0.630476    1.88703525 -0.0407878 ],[ 0.3720963   1.89955735 -0.01498055],[0.62439764 2.45008612 0.42560539],[0.3770808  2.46144056 0.26331571],[0.62826377 2.52701306 0.4371503 ],[0.36499783 2.54058528 0.27640426],[ 0.60677493  2.61864805 -0.09240609],[ 0.43042079  2.63690734 -0.32528684]
[ 3.35904181e-01  5.51566660e-01 -2.86434254e-08],[0.34516585 0.49868572 0.00799449],[0.36785054 0.45345902 0.00715518],[0.38996908 0.43568239 0.00250669],[ 0.41025928  0.43075502 -0.00169543],[0.37158608 0.41630292 0.00283591],[ 0.3970218   0.37587202 -0.00334379],[ 0.40653604  0.34467623 -0.00715114],[ 0.41181377  0.3174907  -0.01085341],[ 0.38088074  0.42456719 -0.00781649],[ 0.42567524  0.43261495 -0.01681377],[ 0.42355591  0.45460168 -0.0180827 ],[ 0.4131096   0.46066025 -0.01795873],[ 0.39083278  0.44424504 -0.01781491],[ 0.42909583  0.45954144 -0.02240261],[ 0.42104435  0.47768632 -0.01613874],[ 0.40882853  0.47870103 -0.01236002],[ 0.39991689  0.46790844 -0.02818277],[ 0.43118912  0.48056963 -0.02645457],[ 0.42135605  0.49619383 -0.01867925],[ 0.40806803  0.49799818 -0.01357181],[0. 0. 0.],[0. 0. 0.],[0. 0. 0.],[0. 0. 0.],[0. 0. 0.],[0. 0. 0.],[0. 0. 0.],[0. 0. 0.],[0. 0. 0.],[0. 0. 0.],[0. 0. 0.],[0. 0. 0.],[0. 0. 0.],[0. 0. 0.],[0. 0. 0.],[0. 0. 0.],[0. 0. 0.],[0. 0. 0.],[0. 0. 0.],[0. 0. 0.],[0. 0. 0.],[0.37948078 0.30527791 0.02793905],[0.37286243 0.31127322 0.05171105],[0.38980606 0.31002927 0.01200836],[0.38896167 0.33709937 0.0213277 ],[0.40010905 0.31736273 0.00259197],[0.38163456 0.32417774 0.02919758],[0.3987954  0.34862906 0.00987479],[0.37703598 0.33354229 0.04649184],[0.53070354 0.30423868 0.02642759],[0.53728914 0.31011382 0.05016967],[0.52024603 0.30923221 0.01071616],[0.52087021 0.33643001 0.02005187],[0.50967348 0.31678548 0.00148538],[0.52834451 0.32333404 0.02777139],[0.5108611  0.34814927 0.00865317],[0.53299594 0.3325884  0.04504034],[ 0.45332775  0.28485587 -0.64656293],[ 0.4745906   0.23214719 -0.58178914],[ 0.48656791  0.23119538 -0.58134168],[ 0.50060087  0.23140022 -0.5812403 ],[ 0.42813826  0.23792997 -0.5914858 ],[ 0.41268045  0.24048765 -0.5913167 ],[ 0.39736822  0.2441217  -0.59161276],[ 0.52134973  0.2552889  -0.20142503],[ 0.37413198  0.26607689 -0.23024814],[ 0.48279366  0.34720162 -0.51125544],[ 0.42641205  0.35745513 -0.51950747],[0.63239783 0.53446162 0.02442023],[ 0.27957022  0.55679375 -0.22772877],[0.82566988 0.8278389  0.15265976],[ 0.18098292  0.90285248 -0.85567653],[1.00668824 1.14221704 0.04643792],[ 0.36140573  0.52629542 -1.52002966],[1.08190978 1.24162185 0.0170814 ],[ 0.40028358  0.43011934 -1.66635013],[ 1.06030238  1.24487317 -0.05864674],[ 0.39671201  0.40355292 -1.60128045],[1.02051258e+00 1.22543192e+00 1.12913130e-03],[ 0.39247385  0.43589446 -1.51315796],[0.62638277 1.27202117 0.00471407],[ 3.42904687e-01  1.28706050e+00 -6.28201116e-04],[ 0.63742745  1.87154996 -0.04692305],[ 0.37425977  1.88361526 -0.0306724 ],[0.6378907  2.43693066 0.39725035],[0.38264117 2.45066547 0.23946467],[0.64179146 2.5132637  0.40746003],[0.36884755 2.53074551 0.25170237],[ 0.62468559  2.60881734 -0.11710926],[ 0.44423309  2.62533879 -0.35179651]
[ 3.25160146e-01  5.42438686e-01 -5.64699043e-09],[0.33321947 0.49033716 0.00900403],[0.35428295 0.44958821 0.00789827],[0.37719077 0.43618837 0.00253687],[ 0.39682966  0.43415284 -0.002632  ],[0.35577819 0.41246554 0.00329651],[ 0.38454124  0.36960366 -0.00166436],[ 0.39688641  0.33811527 -0.0043903 ],[ 0.40468776  0.31156525 -0.00736359],[ 0.36426157  0.41842639 -0.00739842],[ 0.41120017  0.42699838 -0.01527641],[ 0.40871942  0.45071664 -0.01548949],[ 0.39681065  0.45675513 -0.01470731],[ 0.37495768  0.43541297 -0.01728621],[ 0.41595471  0.45081475 -0.02041202],[ 0.40875188  0.47059348 -0.01361394],[ 0.39587662  0.47238246 -0.00973273],[ 0.38547048  0.45595869 -0.02744849],[ 0.41672814  0.46983352 -0.02419293],[ 0.40791631  0.48622096 -0.01587388],[ 0.39486763  0.48900917 -0.01054351],[0. 0. 0.],[0. 0. 0.],[0. 0. 0.],[0. 0. 0.],[0. 0. 0.],[0. 0. 0.],[0. 0. 0.],[0. 0. 0.],[0. 0. 0.],[0. 0. 0.],[0. 0. 0.],[0. 0. 0.],[0. 0. 0.],[0. 0. 0.],[0. 0. 0.],[0. 0. 0.],[0. 0. 0.],[0. 0. 0.],[0. 0. 0.],[0. 0. 0.],[0. 0. 0.],[0.3938919  0.30225503 0.01737318],[0.3852191  0.30860922 0.03950326],[0.40600437 0.30653372 0.00346155],[0.40526432 0.33371657 0.01171834],[ 0.41759977  0.3134779  -0.00459073],[0.39660618 0.32113904 0.0186139 ],[0.41653565 0.34499541 0.00153002],[0.39055836 0.33073011 0.03441537],[0.53909379 0.29469281 0.03487406],[0.54292315 0.30038017 0.05865448],[0.53110945 0.29988736 0.01793894],[0.53139377 0.32650161 0.02646029],[0.52269149 0.307675   0.00721676],[0.53713441 0.31346413 0.03525741],[0.52383327 0.338332   0.0137771 ],[0.53978688 0.32244962 0.05266637],[ 0.46772033  0.28127611 -0.65230405],[ 0.48333329  0.22653174 -0.58826929],[ 0.49499422  0.22636318 -0.58782172],[ 0.51001221  0.22660014 -0.58773756],[ 0.44095248  0.23105332 -0.5979709 ],[ 0.42418918  0.23459585 -0.59779251],[ 0.40907645  0.23795131 -0.59809011],[ 0.52484745  0.25022605 -0.20530009],[ 0.378447    0.26347649 -0.23592684],[ 0.4933849   0.34332398 -0.51563448],[ 0.44173527  0.35171846 -0.5241912 ],[0.63945359 0.52802801 0.01806764],[ 0.28031549  0.55194598 -0.22971281],[0.8280136  0.82475811 0.14301895],[ 0.17441002  0.90485483 -0.87851924],[1.00665355 1.14158404 0.01486228],[ 0.35663715  0.52514529 -1.56846464],[ 1.09132409  1.24030697 -0.01707388],[ 0.39620993  0.43041322 -1.72351992],[ 1.07165289  1.24438715 -0.09491855],[ 0.393022    0.40001065 -1.66089666],[ 1.03116584  1.22543526 -0.03145064],[ 0.38907692  0.43349603 -1.56418049],[0.63416684 1.26203346 0.00610556],[ 0.34905487  1.27731955 -0.0021204 ],[ 0.6420818   1.85597599 -0.03824648],[ 0.37683815  1.87082458 -0.00496477],[0.63784629 2.41767502 0.42105871],[0.38445514 2.4328742  0.29042619],[0.64055991 2.49262619 0.43363729],[0.37076896 2.51066208 0.30615622],[ 0.62574768  2.58789968 -0.08508878],[ 0.44545302  2.60922289 -0.29264596]
